"Channel 1, ""s""","Channel 1, ""Volts""","Channel 2, ""s""","Channel 2, ""Volts"""
0.0,-0.51688,0.0,0.0
1e-06,-0.51688,1e-06,0.0
2e-06,-0.51688,2e-06,0.0
3e-06,-0.51688,3e-06,0.0
4e-06,-0.51688,4e-06,-0.0472
4.9999999999999996e-06,-0.51688,4.9999999999999996e-06,0.0
6e-06,-0.51688,6e-06,0.0
7e-06,-0.51688,7e-06,0.0
8e-06,-0.51688,8e-06,0.0
9e-06,-0.51688,9e-06,0.0
9.999999999999999e-06,-0.51688,9.999999999999999e-06,0.0
1.1e-05,-0.51688,1.1e-05,0.0
1.2e-05,-0.51688,1.2e-05,0.0
1.3e-05,-0.51688,1.3e-05,0.0
1.4e-05,-0.51688,1.4e-05,0.0
1.4999999999999999e-05,-0.51688,1.4999999999999999e-05,0.0
1.6e-05,-0.51688,1.6e-05,0.0
1.7e-05,-0.51688,1.7e-05,0.0
1.8e-05,-0.51688,1.8e-05,0.0
1.8999999999999998e-05,-0.51688,1.8999999999999998e-05,0.0
1.9999999999999998e-05,-0.51688,1.9999999999999998e-05,-0.0472
2.1e-05,-0.52256,2.1e-05,0.0
2.2e-05,-0.51688,2.2e-05,0.0
2.3e-05,-0.51688,2.3e-05,0.0
2.4e-05,-0.51688,2.4e-05,0.0
2.4999999999999998e-05,-0.51688,2.4999999999999998e-05,-0.0472
2.6e-05,-0.51688,2.6e-05,0.0
2.7e-05,-0.51688,2.7e-05,-0.0472
2.8e-05,-0.51688,2.8e-05,0.0
2.9e-05,-0.51688,2.9e-05,0.0
2.9999999999999997e-05,-0.51688,2.9999999999999997e-05,0.0
3.1e-05,-0.51688,3.1e-05,0.0
3.2e-05,-0.51688,3.2e-05,0.0
3.2999999999999996e-05,-0.51688,3.2999999999999996e-05,0.0
3.4e-05,-0.51688,3.4e-05,-0.0472
3.5e-05,-0.51688,3.5e-05,0.0
3.6e-05,-0.51688,3.6e-05,0.0
3.7e-05,-0.51688,3.7e-05,0.0
3.7999999999999995e-05,-0.51688,3.7999999999999995e-05,0.0
3.9e-05,-0.51688,3.9e-05,-0.0472
3.9999999999999996e-05,-0.51688,3.9999999999999996e-05,0.0
4.1e-05,-0.51688,4.1e-05,0.0
4.2e-05,-0.51688,4.2e-05,0.0
4.2999999999999995e-05,-0.51688,4.2999999999999995e-05,-0.0472
4.4e-05,-0.51688,4.4e-05,0.0
4.4999999999999996e-05,-0.51688,4.4999999999999996e-05,-0.0472
4.6e-05,-0.51688,4.6e-05,0.0
4.7e-05,-0.51688,4.7e-05,-0.0472
4.8e-05,-0.51688,4.8e-05,0.0
4.9e-05,-0.51688,4.9e-05,0.0
4.9999999999999996e-05,-0.51688,4.9999999999999996e-05,0.0
5.1e-05,-0.51688,5.1e-05,0.0
5.2e-05,-0.51688,5.2e-05,0.0
5.3e-05,-0.51688,5.3e-05,0.0
5.4e-05,-0.51688,5.4e-05,0.0
5.4999999999999995e-05,-0.51688,5.4999999999999995e-05,0.0
5.6e-05,-0.51688,5.6e-05,0.0
5.6999999999999996e-05,-0.51688,5.6999999999999996e-05,0.0
5.8e-05,-0.51688,5.8e-05,-0.0472
5.9e-05,-0.51688,5.9e-05,0.0
5.9999999999999995e-05,-0.52256,5.9999999999999995e-05,0.0
6.1e-05,-0.51688,6.1e-05,0.0
6.2e-05,-0.51688,6.2e-05,0.0
6.3e-05,-0.51688,6.3e-05,0.0
6.4e-05,-0.51688,6.4e-05,0.0
6.5e-05,-0.51688,6.5e-05,0.0
6.599999999999999e-05,-0.51688,6.599999999999999e-05,0.0
6.7e-05,-0.51688,6.7e-05,0.0
6.8e-05,-0.51688,6.8e-05,-0.0472
6.9e-05,-0.51688,6.9e-05,0.0
7e-05,-0.51688,7e-05,0.0
7.099999999999999e-05,-0.51688,7.099999999999999e-05,0.0
7.2e-05,-0.51688,7.2e-05,-0.0472
7.3e-05,-0.51688,7.3e-05,0.0
7.4e-05,-0.51688,7.4e-05,0.0
7.5e-05,-0.51688,7.5e-05,0.0
7.599999999999999e-05,-0.51688,7.599999999999999e-05,0.0
7.7e-05,-0.51688,7.7e-05,0.0
7.8e-05,-0.51688,7.8e-05,0.0
7.9e-05,-0.51688,7.9e-05,0.0
7.999999999999999e-05,-0.51688,7.999999999999999e-05,0.0
8.099999999999999e-05,-0.51688,8.099999999999999e-05,-0.0472
8.2e-05,-0.51688,8.2e-05,0.0
8.3e-05,-0.51688,8.3e-05,0.0
8.4e-05,-0.51688,8.4e-05,0.0
8.499999999999999e-05,-0.51688,8.499999999999999e-05,0.0
8.599999999999999e-05,-0.51688,8.599999999999999e-05,0.0
8.7e-05,-0.51688,8.7e-05,0.0
8.8e-05,-0.51688,8.8e-05,0.0
8.9e-05,-0.51688,8.9e-05,0.0
8.999999999999999e-05,-0.51688,8.999999999999999e-05,0.0
9.099999999999999e-05,-0.51688,9.099999999999999e-05,0.0
9.2e-05,-0.51688,9.2e-05,0.0
9.3e-05,-0.51688,9.3e-05,0.0
9.4e-05,-0.51688,9.4e-05,-0.0472
9.499999999999999e-05,-0.51688,9.499999999999999e-05,0.0
9.6e-05,-0.51688,9.6e-05,0.0
9.7e-05,-0.51688,9.7e-05,0.0
9.8e-05,-0.51688,9.8e-05,0.0
9.9e-05,-0.51688,9.9e-05,0.0
9.999999999999999e-05,-0.51688,9.999999999999999e-05,0.0
0.000101,-0.51688,0.000101,0.0
0.000102,-0.51688,0.000102,-0.0472
0.000103,-0.51688,0.000103,0.0
0.000104,-0.51688,0.000104,0.0
0.00010499999999999999,-0.51688,0.00010499999999999999,0.0
0.000106,-0.51688,0.000106,0.0
0.000107,-0.51688,0.000107,0.0
0.000108,-0.52256,0.000108,0.0
0.00010899999999999999,-0.51688,0.00010899999999999999,-0.0472
0.00010999999999999999,-0.51688,0.00010999999999999999,0.0
0.000111,-0.51688,0.000111,0.0
0.000112,-0.51688,0.000112,0.0
0.000113,-0.51688,0.000113,0.0
0.00011399999999999999,-0.51688,0.00011399999999999999,0.0
0.00011499999999999999,-0.51688,0.00011499999999999999,0.0
0.000116,-0.51688,0.000116,0.0
0.000117,-0.51688,0.000117,0.0
0.000118,-0.51688,0.000118,0.0
0.00011899999999999999,-0.52256,0.00011899999999999999,0.0
0.00011999999999999999,-0.51688,0.00011999999999999999,0.0
0.000121,-0.51688,0.000121,0.0
0.000122,-0.51688,0.000122,0.0
0.00012299999999999998,-0.51688,0.00012299999999999998,0.0
0.000124,-0.51688,0.000124,0.0
0.000125,-0.51688,0.000125,-0.0472
0.000126,-0.51688,0.000126,0.0
0.000127,-0.51688,0.000127,0.0
0.000128,-0.51688,0.000128,0.0
0.000129,-0.51688,0.000129,0.0
0.00013,-0.52256,0.00013,0.0
0.00013099999999999999,-0.51688,0.00013099999999999999,0.0
0.00013199999999999998,-0.51688,0.00013199999999999998,0.0
0.000133,-0.51688,0.000133,0.0
0.000134,-0.51688,0.000134,0.0
0.000135,-0.51688,0.000135,0.0
0.000136,-0.51688,0.000136,0.0
0.000137,-0.51688,0.000137,0.0
0.000138,-0.51688,0.000138,0.0
0.000139,-0.51688,0.000139,0.0
0.00014,-0.51688,0.00014,0.0
0.00014099999999999998,-0.51688,0.00014099999999999998,0.0
0.00014199999999999998,-0.51688,0.00014199999999999998,0.0
0.000143,-0.51688,0.000143,0.0
0.000144,-0.51688,0.000144,0.0
0.000145,-0.51688,0.000145,0.0
0.000146,-0.51688,0.000146,0.0
0.000147,-0.51688,0.000147,0.0
0.000148,-0.51688,0.000148,0.0
0.000149,-0.52256,0.000149,0.0
0.00015,-0.51688,0.00015,0.0
0.00015099999999999998,-0.51688,0.00015099999999999998,0.0
0.00015199999999999998,-0.51688,0.00015199999999999998,0.0
0.000153,-0.51688,0.000153,0.0
0.000154,-0.51688,0.000154,0.0
0.000155,-0.51688,0.000155,0.0
0.000156,-0.51688,0.000156,0.0
0.000157,-0.51688,0.000157,0.0
0.000158,-0.51688,0.000158,0.0
0.000159,-0.51688,0.000159,-0.0472
0.00015999999999999999,-0.51688,0.00015999999999999999,0.0
0.00016099999999999998,-0.51688,0.00016099999999999998,0.0
0.00016199999999999998,-0.51688,0.00016199999999999998,0.0
0.000163,-0.51688,0.000163,0.0
0.000164,-0.51688,0.000164,0.0
0.000165,-0.51688,0.000165,0.0
0.000166,-0.51688,0.000166,0.0
0.000167,-0.51688,0.000167,0.0
0.000168,-0.51688,0.000168,0.0
0.000169,-0.51688,0.000169,0.0
0.00016999999999999999,-0.52256,0.00016999999999999999,0.0
0.00017099999999999998,-0.51688,0.00017099999999999998,0.0
0.00017199999999999998,-0.51688,0.00017199999999999998,0.0
0.000173,-0.51688,0.000173,0.0
0.000174,-0.51688,0.000174,0.0
0.000175,-0.51688,0.000175,0.0
0.000176,-0.51688,0.000176,-0.0472
0.000177,-0.51688,0.000177,0.0
0.000178,-0.51688,0.000178,-0.0472
0.000179,-0.51688,0.000179,0.0
0.00017999999999999998,-0.51688,0.00017999999999999998,-0.0472
0.00018099999999999998,-0.51688,0.00018099999999999998,0.0
0.00018199999999999998,-0.51688,0.00018199999999999998,-0.0472
0.000183,-0.51688,0.000183,-0.0472
0.000184,-0.51688,0.000184,0.0
0.000185,-0.51688,0.000185,0.0
0.000186,-0.51688,0.000186,-0.0472
0.000187,-0.51688,0.000187,0.0
0.000188,-0.51688,0.000188,0.0
0.00018899999999999999,-0.52256,0.00018899999999999999,0.0
0.00018999999999999998,-0.51688,0.00018999999999999998,0.0
0.00019099999999999998,-0.51688,0.00019099999999999998,0.0
0.000192,-0.51688,0.000192,0.0
0.000193,-0.52256,0.000193,0.0
0.000194,-0.51688,0.000194,-0.0472
0.000195,-0.51688,0.000195,0.0
0.000196,-0.51688,0.000196,0.0
0.000197,-0.51688,0.000197,0.0
0.000198,-0.51688,0.000198,0.0
0.00019899999999999999,-0.51688,0.00019899999999999999,0.0
0.00019999999999999998,-0.51688,0.00019999999999999998,-0.0472
0.00020099999999999998,-0.51688,0.00020099999999999998,0.0
0.000202,-0.51688,0.000202,0.0
0.000203,-0.51688,0.000203,0.0
0.000204,-0.51688,0.000204,0.0
0.000205,-0.51688,0.000205,0.0
0.000206,-0.51688,0.000206,0.0
0.000207,-0.51688,0.000207,0.0
0.000208,-0.52256,0.000208,0.0
0.00020899999999999998,-0.51688,0.00020899999999999998,0.0
0.00020999999999999998,-0.51688,0.00020999999999999998,0.0
0.00021099999999999998,-0.51688,0.00021099999999999998,0.0
0.000212,-0.51688,0.000212,-0.0472
0.000213,-0.51688,0.000213,-0.0472
0.000214,-0.51688,0.000214,0.0
0.000215,-0.51688,0.000215,0.0
0.000216,-0.51688,0.000216,0.0
0.000217,-0.52256,0.000217,0.0
0.00021799999999999999,-0.51688,0.00021799999999999999,0.0
0.00021899999999999998,-0.51688,0.00021899999999999998,0.0
0.00021999999999999998,-0.51688,0.00021999999999999998,0.0
0.00022099999999999998,-0.51688,0.00022099999999999998,0.0
0.000222,-0.51688,0.000222,0.0
0.000223,-0.51688,0.000223,0.0
0.000224,-0.51688,0.000224,-0.0472
0.000225,-0.51688,0.000225,0.0
0.000226,-0.51688,0.000226,0.0
0.000227,-0.51688,0.000227,0.0
0.00022799999999999999,-0.51688,0.00022799999999999999,0.0
0.00022899999999999998,-0.51688,0.00022899999999999998,0.0
0.00022999999999999998,-0.51688,0.00022999999999999998,-0.0472
0.00023099999999999998,-0.51688,0.00023099999999999998,0.0
0.000232,-0.51688,0.000232,0.0
0.000233,-0.51688,0.000233,0.0
0.000234,-0.51688,0.000234,0.0
0.000235,-0.51688,0.000235,0.0
0.000236,-0.52256,0.000236,0.0
0.000237,-0.51688,0.000237,-0.0472
0.00023799999999999998,-0.51688,0.00023799999999999998,0.0
0.00023899999999999998,-0.51688,0.00023899999999999998,0.0
0.00023999999999999998,-0.51688,0.00023999999999999998,0.0
0.00024099999999999998,-0.51688,0.00024099999999999998,0.0
0.000242,-0.51688,0.000242,0.0
0.000243,-0.51688,0.000243,0.0
0.000244,-0.51688,0.000244,0.0
0.000245,-0.51688,0.000245,0.0
0.00024599999999999996,-0.51688,0.00024599999999999996,0.0
0.000247,-0.51688,0.000247,0.0
0.000248,-0.51688,0.000248,0.0
0.000249,-0.51688,0.000249,0.0
0.00025,0.5112,0.00025,-1.3688
0.000251,0.51688,0.000251,-3.9175999999999997
0.000252,0.52256,0.000252,-2.4544
0.00025299999999999997,0.52256,0.00025299999999999997,0.8967999999999999
0.000254,0.52256,0.000254,2.7376
0.00025499999999999996,0.51688,0.00025499999999999996,1.6992
0.000256,0.51688,0.000256,-0.708
0.000257,0.51688,0.000257,-1.9824
0.000258,0.51688,0.000258,-1.2272
0.000259,0.52256,0.000259,0.472
0.00026,0.52256,0.00026,1.3688
0.000261,0.51688,0.000261,0.8496
0.00026199999999999997,0.51688,0.00026199999999999997,-0.3776
0.000263,0.51688,0.000263,-0.9912
0.00026399999999999997,0.51688,0.00026399999999999997,-0.6136
0.000265,0.52256,0.000265,0.236
0.000266,0.51688,0.000266,0.708
0.000267,0.51688,0.000267,0.3776
0.000268,0.51688,0.000268,-0.1888
0.000269,0.51688,0.000269,-0.5192
0.00027,0.52256,0.00027,-0.2832
0.000271,0.51688,0.000271,0.1416
0.000272,0.51688,0.000272,0.33039999999999997
0.00027299999999999997,0.52256,0.00027299999999999997,0.1888
0.000274,0.51688,0.000274,-0.1416
0.00027499999999999996,0.52256,0.00027499999999999996,-0.2832
0.000276,0.51688,0.000276,-0.1416
0.000277,0.51688,0.000277,0.0944
0.000278,0.52256,0.000278,0.1888
0.000279,0.52256,0.000279,0.0944
0.00028,0.51688,0.00028,-0.0472
0.000281,0.52256,0.000281,-0.1416
0.00028199999999999997,0.51688,0.00028199999999999997,-0.0472
0.000283,0.51688,0.000283,0.0472
0.00028399999999999996,0.51688,0.00028399999999999996,0.0472
0.000285,0.51688,0.000285,0.0472
0.000286,0.51688,0.000286,-0.0472
0.000287,0.51688,0.000287,-0.0472
0.000288,0.51688,0.000288,-0.0472
0.000289,0.51688,0.000289,0.0
0.00029,0.52256,0.00029,0.0472
0.00029099999999999997,0.52256,0.00029099999999999997,0.0
0.000292,0.52256,0.000292,-0.0472
0.00029299999999999997,0.51688,0.00029299999999999997,-0.0472
0.000294,0.51688,0.000294,0.0
0.00029499999999999996,0.51688,0.00029499999999999996,0.0
0.000296,0.51688,0.000296,0.0472
0.000297,0.51688,0.000297,0.0
0.000298,0.51688,0.000298,-0.0472
0.000299,0.51688,0.000299,-0.0472
0.0003,0.51688,0.0003,-0.0472
0.000301,0.51688,0.000301,0.0
0.00030199999999999997,0.51688,0.00030199999999999997,0.0
0.000303,0.51688,0.000303,0.0
0.00030399999999999996,0.51688,0.00030399999999999996,0.0
0.000305,0.51688,0.000305,-0.0472
0.000306,0.51688,0.000306,0.0
0.000307,0.52256,0.000307,0.0
0.000308,0.51688,0.000308,0.0
0.000309,0.51688,0.000309,0.0
0.00031,0.52256,0.00031,-0.0472
0.00031099999999999997,0.52256,0.00031099999999999997,0.0
0.000312,0.51688,0.000312,0.0
0.00031299999999999996,0.51688,0.00031299999999999996,0.0
0.000314,0.51688,0.000314,0.0
0.00031499999999999996,0.51688,0.00031499999999999996,0.0
0.000316,0.51688,0.000316,0.0
0.000317,0.51688,0.000317,0.0
0.000318,0.51688,0.000318,0.0
0.000319,0.51688,0.000319,0.0
0.00031999999999999997,0.51688,0.00031999999999999997,0.0
0.000321,0.51688,0.000321,0.0
0.00032199999999999997,0.51688,0.00032199999999999997,-0.0472
0.000323,0.51688,0.000323,0.0
0.00032399999999999996,0.51688,0.00032399999999999996,0.0
0.000325,0.52256,0.000325,0.0
0.000326,0.52256,0.000326,0.0
0.000327,0.51688,0.000327,0.0
0.000328,0.52256,0.000328,0.0
0.000329,0.51688,0.000329,0.0
0.00033,0.51688,0.00033,0.0
0.00033099999999999997,0.52256,0.00033099999999999997,0.0
0.000332,0.52256,0.000332,0.0
0.00033299999999999996,0.51688,0.00033299999999999996,0.0
0.000334,0.51688,0.000334,0.0
0.000335,0.52256,0.000335,0.0
0.000336,0.51688,0.000336,0.0
0.000337,0.51688,0.000337,0.0
0.000338,0.51688,0.000338,0.0
0.000339,0.51688,0.000339,0.0
0.00033999999999999997,0.51688,0.00033999999999999997,0.0
0.000341,0.51688,0.000341,0.0
0.00034199999999999996,0.52256,0.00034199999999999996,0.0
0.000343,0.51688,0.000343,0.0
0.00034399999999999996,0.51688,0.00034399999999999996,0.0
0.000345,0.52256,0.000345,0.0
0.000346,0.51688,0.000346,0.0
0.000347,0.52256,0.000347,0.0
0.000348,0.52256,0.000348,0.0
0.00034899999999999997,0.51688,0.00034899999999999997,0.0
0.00035,0.52256,0.00035,0.0
0.00035099999999999997,0.51688,0.00035099999999999997,0.0
0.000352,0.51688,0.000352,0.0
0.00035299999999999996,0.52256,0.00035299999999999996,0.0
0.000354,0.51688,0.000354,0.0
0.000355,0.52256,0.000355,0.0
0.000356,0.51688,0.000356,0.0
0.000357,0.52256,0.000357,0.0
0.000358,0.51688,0.000358,0.0
0.000359,0.52256,0.000359,0.0
0.00035999999999999997,0.52256,0.00035999999999999997,0.0
0.000361,0.51688,0.000361,0.0
0.00036199999999999996,0.51688,0.00036199999999999996,0.0
0.000363,0.51688,0.000363,0.0
0.00036399999999999996,0.51688,0.00036399999999999996,0.0
0.000365,0.52256,0.000365,0.0
0.000366,0.51688,0.000366,0.0
0.000367,0.51688,0.000367,0.0
0.000368,0.52256,0.000368,0.0
0.00036899999999999997,0.52256,0.00036899999999999997,0.0
0.00037,0.51688,0.00037,0.0
0.00037099999999999996,0.51688,0.00037099999999999996,0.0
0.000372,0.51688,0.000372,0.0
0.00037299999999999996,0.51688,0.00037299999999999996,0.0
0.000374,0.51688,0.000374,0.0
0.000375,0.51688,0.000375,0.0
0.000376,0.51688,0.000376,0.0
0.000377,0.51688,0.000377,0.0
0.00037799999999999997,0.51688,0.00037799999999999997,0.0
0.000379,0.52256,0.000379,0.0
0.00037999999999999997,0.52256,0.00037999999999999997,0.0
0.000381,0.51688,0.000381,0.0
0.00038199999999999996,0.51688,0.00038199999999999996,0.0
0.000383,0.52256,0.000383,0.0
0.000384,0.51688,0.000384,0.0
0.000385,0.51688,0.000385,0.0
0.000386,0.52256,0.000386,0.0
0.000387,0.52256,0.000387,0.0
0.000388,0.52256,0.000388,0.0
0.00038899999999999997,0.51688,0.00038899999999999997,0.0
0.00039,0.52256,0.00039,0.0
0.00039099999999999996,0.51688,0.00039099999999999996,0.0
0.000392,0.52256,0.000392,0.0
0.00039299999999999996,0.52256,0.00039299999999999996,0.0
0.000394,0.51688,0.000394,0.0
0.000395,0.52256,0.000395,0.0
0.000396,0.51688,0.000396,0.0
0.000397,0.52256,0.000397,0.0
0.00039799999999999997,0.51688,0.00039799999999999997,0.0
0.000399,0.52256,0.000399,-0.0472
0.00039999999999999996,0.52256,0.00039999999999999996,0.0
0.000401,0.51688,0.000401,0.0
0.00040199999999999996,0.52256,0.00040199999999999996,0.0
0.000403,0.52256,0.000403,0.0
0.000404,0.51688,0.000404,0.0
0.000405,0.52256,0.000405,0.0
0.000406,0.52256,0.000406,0.0
0.00040699999999999997,0.51688,0.00040699999999999997,0.0
0.000408,0.52256,0.000408,0.0
0.00040899999999999997,0.52256,0.00040899999999999997,0.0
0.00041,0.52256,0.00041,0.0
0.00041099999999999996,0.51688,0.00041099999999999996,0.0
0.000412,0.51688,0.000412,0.0
0.00041299999999999996,0.51688,0.00041299999999999996,0.0
0.000414,0.51688,0.000414,0.0
0.000415,0.52256,0.000415,0.0
0.000416,0.51688,0.000416,0.0
0.000417,0.51688,0.000417,0.0
0.00041799999999999997,0.52256,0.00041799999999999997,0.0
0.000419,0.51688,0.000419,0.0
0.00041999999999999996,0.51688,0.00041999999999999996,-0.0472
0.000421,0.51688,0.000421,0.0
0.00042199999999999996,0.51688,0.00042199999999999996,0.0
0.000423,0.51688,0.000423,0.0
0.000424,0.52256,0.000424,0.0
0.000425,0.52256,0.000425,0.0
0.000426,0.51688,0.000426,0.0
0.00042699999999999997,0.51688,0.00042699999999999997,0.0
0.000428,0.51688,0.000428,0.0
0.00042899999999999997,0.52256,0.00042899999999999997,0.0
0.00043,0.52256,0.00043,0.0
0.00043099999999999996,0.52256,0.00043099999999999996,0.0
0.000432,0.52256,0.000432,0.0
0.00043299999999999995,0.51688,0.00043299999999999995,0.0
0.000434,0.51688,0.000434,0.0
0.000435,0.52256,0.000435,0.0
0.00043599999999999997,0.51688,0.00043599999999999997,0.0
0.000437,0.52256,0.000437,0.0
0.00043799999999999997,0.52256,0.00043799999999999997,0.0
0.000439,0.51688,0.000439,0.0
0.00043999999999999996,0.52256,0.00043999999999999996,0.0
0.000441,0.51688,0.000441,0.0
0.00044199999999999996,0.52256,0.00044199999999999996,0.0
0.000443,0.52256,0.000443,0.0
0.000444,0.52256,0.000444,0.0
0.000445,0.51688,0.000445,0.0
0.000446,0.51688,0.000446,0.0
0.00044699999999999997,0.51688,0.00044699999999999997,0.0
0.000448,0.52256,0.000448,0.0
0.00044899999999999996,0.51688,0.00044899999999999996,0.0
0.00045,0.52256,0.00045,0.0
0.00045099999999999996,0.51688,0.00045099999999999996,0.0
0.000452,0.52256,0.000452,0.0
0.000453,0.51688,0.000453,0.0
0.000454,0.51688,0.000454,0.0
0.000455,0.51688,0.000455,0.0
0.00045599999999999997,0.52256,0.00045599999999999997,-0.0472
0.000457,0.51688,0.000457,0.0
0.00045799999999999997,0.51688,0.00045799999999999997,0.0
0.000459,0.52256,0.000459,0.0
0.00045999999999999996,0.51688,0.00045999999999999996,0.0
0.000461,0.51688,0.000461,0.0
0.00046199999999999995,0.51688,0.00046199999999999995,0.0
0.000463,0.52256,0.000463,0.0
0.000464,0.52256,0.000464,-0.0472
0.00046499999999999997,0.52256,0.00046499999999999997,0.0
0.000466,0.51688,0.000466,0.0
0.00046699999999999997,0.52256,0.00046699999999999997,0.0
0.000468,0.51688,0.000468,0.0
0.00046899999999999996,0.52256,0.00046899999999999996,0.0
0.00047,0.51688,0.00047,0.0
0.00047099999999999996,0.51688,0.00047099999999999996,0.0
0.000472,0.52256,0.000472,0.0
0.000473,0.52256,0.000473,0.0
0.000474,0.51688,0.000474,-0.0472
0.000475,0.51688,0.000475,0.0
0.00047599999999999997,0.52256,0.00047599999999999997,0.0
0.000477,0.52256,0.000477,0.0
0.00047799999999999996,0.51688,0.00047799999999999996,0.0
0.000479,0.51688,0.000479,0.0
0.00047999999999999996,0.52256,0.00047999999999999996,-0.0472
0.000481,0.51688,0.000481,0.0
0.00048199999999999995,0.51688,0.00048199999999999995,0.0
0.000483,0.51688,0.000483,0.0
0.000484,0.52256,0.000484,0.0
0.00048499999999999997,0.52256,0.00048499999999999997,0.0
0.000486,0.51688,0.000486,0.0
0.00048699999999999997,0.52256,0.00048699999999999997,0.0
0.000488,0.52256,0.000488,0.0
0.000489,0.51688,0.000489,0.0
0.00049,0.51688,0.00049,0.0
0.000491,0.52256,0.000491,0.0
0.0004919999999999999,0.52256,0.0004919999999999999,0.0
0.000493,0.52256,0.000493,0.0
0.000494,0.52256,0.000494,0.0
0.000495,0.51688,0.000495,0.0
0.000496,0.52256,0.000496,0.0
0.0004969999999999999,0.51688,0.0004969999999999999,0.0
0.000498,0.52256,0.000498,0.0
0.000499,0.52256,0.000499,0.0
0.0005,0.51688,0.0005,0.0
0.0005009999999999999,0.51688,0.0005009999999999999,-0.0472
0.000502,0.52256,0.000502,0.0
0.000503,0.51688,0.000503,0.0
0.000504,0.52256,0.000504,0.0
0.000505,0.52256,0.000505,0.0
0.0005059999999999999,0.52256,0.0005059999999999999,0.0
0.000507,0.51688,0.000507,0.0
0.000508,0.52256,0.000508,0.0
0.000509,0.52256,0.000509,0.0
0.0005099999999999999,0.52256,0.0005099999999999999,0.0
0.000511,0.52256,0.000511,0.0
0.000512,0.52256,0.000512,0.0
0.000513,0.52256,0.000513,0.0
0.000514,0.51688,0.000514,0.0
0.0005149999999999999,0.51688,0.0005149999999999999,0.0
0.000516,0.52256,0.000516,0.0
0.000517,0.51688,0.000517,-0.0472
0.000518,0.52256,0.000518,-0.0472
0.0005189999999999999,0.51688,0.0005189999999999999,0.0
0.00052,0.52256,0.00052,0.0
0.000521,0.52256,0.000521,0.0
0.000522,0.52256,0.000522,0.0
0.000523,0.52256,0.000523,0.0
0.0005239999999999999,0.52256,0.0005239999999999999,0.0
0.000525,0.51688,0.000525,0.0
0.000526,0.52256,0.000526,0.0
0.000527,0.52256,0.000527,0.0
0.0005279999999999999,0.51688,0.0005279999999999999,0.0
0.000529,0.52256,0.000529,0.0
0.00053,0.51688,0.00053,0.0
0.000531,0.52256,0.000531,0.0
0.000532,0.52256,0.000532,0.0
0.0005329999999999999,0.51688,0.0005329999999999999,0.0
0.000534,0.52256,0.000534,0.0
0.000535,0.51688,0.000535,0.0
0.000536,0.51688,0.000536,0.0
0.0005369999999999999,0.52256,0.0005369999999999999,0.0
0.000538,0.52256,0.000538,0.0
0.000539,0.51688,0.000539,0.0
0.00054,0.52256,0.00054,0.0
0.0005409999999999999,0.51688,0.0005409999999999999,0.0
0.000542,0.51688,0.000542,0.0
0.000543,0.52256,0.000543,0.0
0.000544,0.51688,0.000544,0.0
0.000545,0.52256,0.000545,0.0
0.0005459999999999999,0.51688,0.0005459999999999999,0.0
0.000547,0.52256,0.000547,-0.0472
0.000548,0.52256,0.000548,0.0
0.000549,0.52256,0.000549,0.0
0.0005499999999999999,0.51688,0.0005499999999999999,0.0
0.000551,0.51688,0.000551,0.0
0.000552,0.52256,0.000552,0.0
0.000553,0.52256,0.000553,0.0
0.000554,0.52256,0.000554,0.0
0.0005549999999999999,0.52256,0.0005549999999999999,0.0
0.000556,0.52256,0.000556,0.0
0.000557,0.52256,0.000557,0.0
0.000558,0.51688,0.000558,0.0
0.0005589999999999999,0.52256,0.0005589999999999999,0.0
0.00056,0.52256,0.00056,0.0
0.000561,0.52256,0.000561,0.0
0.000562,0.52256,0.000562,0.0
0.000563,0.52256,0.000563,0.0
0.0005639999999999999,0.52256,0.0005639999999999999,0.0
0.000565,0.52256,0.000565,0.0
0.000566,0.51688,0.000566,0.0
0.000567,0.51688,0.000567,0.0
0.0005679999999999999,0.52256,0.0005679999999999999,0.0
0.000569,0.52256,0.000569,0.0
0.00057,0.51688,0.00057,0.0
0.000571,0.52256,0.000571,0.0
0.000572,0.52256,0.000572,0.0
0.0005729999999999999,0.52256,0.0005729999999999999,-0.0472
0.000574,0.52256,0.000574,0.0
0.000575,0.52256,0.000575,0.0
0.000576,0.52256,0.000576,0.0
0.0005769999999999999,0.52256,0.0005769999999999999,0.0
0.000578,0.51688,0.000578,0.0
0.000579,0.52256,0.000579,0.0
0.00058,0.52256,0.00058,0.0
0.000581,0.52256,0.000581,0.0
0.0005819999999999999,0.51688,0.0005819999999999999,0.0
0.000583,0.52256,0.000583,0.0
0.000584,0.52256,0.000584,0.0
0.000585,0.52256,0.000585,0.0
0.0005859999999999999,0.52256,0.0005859999999999999,0.0
0.000587,0.52256,0.000587,0.0
0.000588,0.52256,0.000588,0.0
0.000589,0.52256,0.000589,0.0
0.0005899999999999999,0.51688,0.0005899999999999999,0.0
0.0005909999999999999,0.52256,0.0005909999999999999,0.0
0.000592,0.52256,0.000592,0.0
0.000593,0.52256,0.000593,0.0
0.000594,0.51688,0.000594,0.0
0.0005949999999999999,0.51688,0.0005949999999999999,0.0
0.000596,0.51688,0.000596,0.0
0.000597,0.51688,0.000597,0.0
0.000598,0.52256,0.000598,0.0
0.0005989999999999999,0.52256,0.0005989999999999999,0.0
0.0006,0.51688,0.0006,0.0
0.000601,0.52256,0.000601,0.0
0.000602,0.52256,0.000602,0.0
0.000603,0.51688,0.000603,0.0
0.0006039999999999999,0.51688,0.0006039999999999999,0.0
0.000605,0.52256,0.000605,0.0
0.000606,0.52256,0.000606,0.0
0.000607,0.52256,0.000607,0.0
0.0006079999999999999,0.52256,0.0006079999999999999,0.0
0.000609,0.52256,0.000609,0.0
0.00061,0.52256,0.00061,0.0
0.000611,0.52256,0.000611,0.0
0.000612,0.52256,0.000612,0.0
0.0006129999999999999,0.52256,0.0006129999999999999,0.0
0.000614,0.52256,0.000614,0.0
0.000615,0.52256,0.000615,0.0
0.000616,0.52256,0.000616,0.0
0.0006169999999999999,0.52256,0.0006169999999999999,0.0
0.000618,0.52256,0.000618,0.0
0.000619,0.52256,0.000619,0.0
0.00062,0.51688,0.00062,0.0
0.000621,0.51688,0.000621,0.0
0.0006219999999999999,0.51688,0.0006219999999999999,0.0
0.000623,0.52256,0.000623,0.0
0.000624,0.51688,0.000624,0.0
0.000625,0.51688,0.000625,0.0
0.0006259999999999999,0.52256,0.0006259999999999999,0.0
0.000627,0.51688,0.000627,0.0
0.000628,0.52256,0.000628,0.0
0.000629,0.52256,0.000629,-0.0472
0.0006299999999999999,0.51688,0.0006299999999999999,-0.0472
0.0006309999999999999,0.51688,0.0006309999999999999,0.0
0.000632,0.52256,0.000632,0.0
0.000633,0.52256,0.000633,0.0
0.000634,0.51688,0.000634,0.0
0.0006349999999999999,0.51688,0.0006349999999999999,0.0
0.000636,0.51688,0.000636,0.0
0.000637,0.52256,0.000637,0.0
0.000638,0.51688,0.000638,0.0
0.0006389999999999999,0.52256,0.0006389999999999999,0.0
0.0006399999999999999,0.51688,0.0006399999999999999,0.0
0.000641,0.51688,0.000641,0.0
0.000642,0.52256,0.000642,0.0
0.000643,0.52256,0.000643,0.0
0.0006439999999999999,0.52256,0.0006439999999999999,0.0
0.000645,0.52256,0.000645,0.0
0.000646,0.52256,0.000646,0.0
0.000647,0.52256,0.000647,0.0
0.0006479999999999999,0.52256,0.0006479999999999999,0.0
0.000649,0.52256,0.000649,0.0
0.00065,0.52256,0.00065,0.0
0.000651,0.51688,0.000651,0.0
0.000652,0.52256,0.000652,0.0
0.0006529999999999999,0.52256,0.0006529999999999999,0.0
0.000654,0.51688,0.000654,0.0
0.000655,0.51688,0.000655,0.0
0.000656,0.52256,0.000656,0.0
0.0006569999999999999,0.52256,0.0006569999999999999,0.0
0.000658,0.52256,0.000658,0.0
0.000659,0.52256,0.000659,0.0
0.00066,0.52256,0.00066,0.0
0.000661,0.51688,0.000661,0.0
0.0006619999999999999,0.51688,0.0006619999999999999,0.0
0.000663,0.52256,0.000663,0.0
0.000664,0.52256,0.000664,0.0
0.000665,0.52256,0.000665,0.0
0.0006659999999999999,0.52256,0.0006659999999999999,-0.0472
0.000667,0.51688,0.000667,0.0
0.000668,0.51688,0.000668,0.0
0.000669,0.51688,0.000669,0.0
0.00067,0.52256,0.00067,0.0
0.0006709999999999999,0.52256,0.0006709999999999999,0.0
0.000672,0.52256,0.000672,0.0
0.000673,0.52256,0.000673,0.0
0.000674,0.52256,0.000674,0.0
0.0006749999999999999,0.51688,0.0006749999999999999,0.0
0.000676,0.52256,0.000676,0.0
0.000677,0.51688,0.000677,0.0
0.000678,0.52256,0.000678,0.0
0.0006789999999999999,0.52256,0.0006789999999999999,0.0
0.0006799999999999999,0.51688,0.0006799999999999999,0.0
0.000681,0.52256,0.000681,0.0
0.000682,0.51688,0.000682,0.0
0.000683,0.51688,0.000683,-0.0472
0.0006839999999999999,0.52256,0.0006839999999999999,0.0
0.000685,0.52256,0.000685,0.0
0.000686,0.52256,0.000686,0.0
0.000687,0.52256,0.000687,0.0
0.0006879999999999999,0.52256,0.0006879999999999999,0.0
0.0006889999999999999,0.51688,0.0006889999999999999,0.0
0.00069,0.52256,0.00069,0.0
0.000691,0.52256,0.000691,0.0
0.000692,0.52256,0.000692,0.0
0.0006929999999999999,0.51688,0.0006929999999999999,0.0
0.000694,0.52256,0.000694,0.0
0.000695,0.51688,0.000695,0.0
0.000696,0.52256,0.000696,0.0
0.0006969999999999999,0.52256,0.0006969999999999999,-0.0472
0.0006979999999999999,0.52256,0.0006979999999999999,0.0
0.000699,0.51688,0.000699,0.0
0.0007,0.51688,0.0007,0.0
0.000701,0.52256,0.000701,0.0
0.0007019999999999999,0.52256,0.0007019999999999999,0.0
0.000703,0.52256,0.000703,0.0
0.000704,0.52256,0.000704,0.0
0.000705,0.51688,0.000705,0.0
0.0007059999999999999,0.51688,0.0007059999999999999,0.0
0.000707,0.52256,0.000707,0.0
0.000708,0.51688,0.000708,0.0
0.000709,0.52256,0.000709,0.0
0.00071,0.51688,0.00071,0.0
0.0007109999999999999,0.52256,0.0007109999999999999,0.0
0.000712,0.51688,0.000712,0.0
0.000713,0.52256,0.000713,-0.0472
0.000714,0.51688,0.000714,0.0
0.0007149999999999999,0.51688,0.0007149999999999999,-0.0472
0.000716,0.52256,0.000716,0.0
0.000717,0.52256,0.000717,0.0
0.000718,0.51688,0.000718,0.0
0.000719,0.52256,0.000719,0.0
0.0007199999999999999,0.51688,0.0007199999999999999,0.0
0.000721,0.52256,0.000721,0.0
0.000722,0.52256,0.000722,0.0
0.000723,0.52256,0.000723,0.0
0.0007239999999999999,0.52256,0.0007239999999999999,0.0
0.000725,0.51688,0.000725,0.0
0.000726,0.51688,0.000726,-0.0472
0.000727,0.51688,0.000727,0.0
0.0007279999999999999,0.52256,0.0007279999999999999,0.0
0.0007289999999999999,0.51688,0.0007289999999999999,0.0
0.00073,0.51688,0.00073,0.0
0.000731,0.51688,0.000731,0.0
0.000732,0.52256,0.000732,0.0
0.0007329999999999999,0.51688,0.0007329999999999999,0.0
0.000734,0.52256,0.000734,0.0
0.000735,0.51688,0.000735,0.0
0.000736,0.51688,0.000736,0.0
0.0007369999999999999,0.52256,0.0007369999999999999,0.0
0.0007379999999999999,0.51688,0.0007379999999999999,-0.0472
0.000739,0.51688,0.000739,0.0
0.00074,0.52256,0.00074,0.0
0.000741,0.52256,0.000741,0.0
0.0007419999999999999,0.52256,0.0007419999999999999,0.0
0.000743,0.52256,0.000743,0.0
0.000744,0.52256,0.000744,0.0
0.000745,0.52256,0.000745,0.0
0.0007459999999999999,0.52256,0.0007459999999999999,0.0
0.0007469999999999999,0.52256,0.0007469999999999999,0.0
0.000748,0.51688,0.000748,0.0
0.000749,0.52256,0.000749,0.0
0.00075,-0.51688,0.00075,1.3688
0.0007509999999999999,-0.51688,0.0007509999999999999,3.8704
0.000752,-0.52256,0.000752,2.4544
0.000753,-0.52256,0.000753,-0.944
0.000754,-0.51688,0.000754,-2.7847999999999997
0.0007549999999999999,-0.51688,0.0007549999999999999,-1.6992
0.0007559999999999999,-0.51688,0.0007559999999999999,0.6607999999999999
0.000757,-0.51688,0.000757,1.9352
0.000758,-0.51688,0.000758,1.18
0.000759,-0.51688,0.000759,-0.5192
0.0007599999999999999,-0.51688,0.0007599999999999999,-1.416
0.000761,-0.51688,0.000761,-0.8496
0.000762,-0.51688,0.000762,0.3776
0.000763,-0.51688,0.000763,0.9912
0.0007639999999999999,-0.51688,0.0007639999999999999,0.5664
0.000765,-0.51688,0.000765,-0.2832
0.000766,-0.51688,0.000766,-0.708
0.000767,-0.5112,0.000767,-0.4248
0.000768,-0.51688,0.000768,0.1888
0.0007689999999999999,-0.51688,0.0007689999999999999,0.472
0.00077,-0.51688,0.00077,0.2832
0.000771,-0.51688,0.000771,-0.1888
0.000772,-0.51688,0.000772,-0.3776
0.0007729999999999999,-0.51688,0.0007729999999999999,-0.236
0.000774,-0.51688,0.000774,0.0944
0.000775,-0.51688,0.000775,0.236
0.000776,-0.51688,0.000776,0.0944
0.0007769999999999999,-0.51688,0.0007769999999999999,-0.0944
0.0007779999999999999,-0.51688,0.0007779999999999999,-0.1888
0.000779,-0.51688,0.000779,-0.0944
0.00078,-0.51688,0.00078,0.0472
0.000781,-0.51688,0.000781,0.0944
0.0007819999999999999,-0.51688,0.0007819999999999999,0.0472
0.000783,-0.51688,0.000783,-0.0472
0.000784,-0.51688,0.000784,-0.0944
0.000785,-0.51688,0.000785,-0.0472
0.0007859999999999999,-0.51688,0.0007859999999999999,0.0
0.0007869999999999999,-0.51688,0.0007869999999999999,0.0472
0.000788,-0.51688,0.000788,0.0
0.000789,-0.51688,0.000789,0.0
0.00079,-0.51688,0.00079,-0.0944
0.0007909999999999999,-0.51688,0.0007909999999999999,-0.0472
0.000792,-0.51688,0.000792,0.0
0.000793,-0.51688,0.000793,0.0472
0.000794,-0.51688,0.000794,0.0
0.0007949999999999999,-0.51688,0.0007949999999999999,-0.0472
0.0007959999999999999,-0.51688,0.0007959999999999999,-0.0472
0.000797,-0.51688,0.000797,-0.0472
0.000798,-0.51688,0.000798,0.0
0.000799,-0.51688,0.000799,0.0
0.0007999999999999999,-0.51688,0.0007999999999999999,0.0
0.000801,-0.51688,0.000801,-0.0472
0.000802,-0.51688,0.000802,0.0
0.000803,-0.51688,0.000803,0.0
0.0008039999999999999,-0.51688,0.0008039999999999999,0.0
0.0008049999999999999,-0.51688,0.0008049999999999999,0.0
0.000806,-0.51688,0.000806,0.0
0.000807,-0.51688,0.000807,0.0
0.000808,-0.51688,0.000808,0.0
0.0008089999999999999,-0.51688,0.0008089999999999999,-0.0472
0.00081,-0.51688,0.00081,0.0
0.000811,-0.51688,0.000811,0.0
0.000812,-0.51688,0.000812,0.0
0.0008129999999999999,-0.51688,0.0008129999999999999,0.0
0.0008139999999999999,-0.51688,0.0008139999999999999,0.0
0.000815,-0.51688,0.000815,0.0
0.000816,-0.51688,0.000816,0.0
0.0008169999999999999,-0.51688,0.0008169999999999999,0.0
0.0008179999999999999,-0.51688,0.0008179999999999999,0.0
0.000819,-0.51688,0.000819,0.0
0.00082,-0.51688,0.00082,0.0
0.000821,-0.51688,0.000821,0.0
0.0008219999999999999,-0.51688,0.0008219999999999999,0.0
0.000823,-0.51688,0.000823,-0.0472
0.000824,-0.51688,0.000824,0.0
0.000825,-0.51688,0.000825,0.0
0.0008259999999999999,-0.51688,0.0008259999999999999,0.0
0.0008269999999999999,-0.51688,0.0008269999999999999,0.0
0.000828,-0.51688,0.000828,0.0
0.000829,-0.51688,0.000829,0.0
0.00083,-0.51688,0.00083,-0.0472
0.0008309999999999999,-0.51688,0.0008309999999999999,-0.0472
0.000832,-0.51688,0.000832,0.0
0.000833,-0.51688,0.000833,0.0
0.000834,-0.51688,0.000834,0.0
0.0008349999999999999,-0.51688,0.0008349999999999999,0.0
0.0008359999999999999,-0.51688,0.0008359999999999999,0.0
0.000837,-0.51688,0.000837,0.0
0.000838,-0.51688,0.000838,0.0
0.000839,-0.51688,0.000839,0.0
0.0008399999999999999,-0.51688,0.0008399999999999999,0.0
0.000841,-0.51688,0.000841,0.0
0.000842,-0.51688,0.000842,0.0
0.000843,-0.51688,0.000843,0.0
0.0008439999999999999,-0.51688,0.0008439999999999999,0.0
0.0008449999999999999,-0.51688,0.0008449999999999999,0.0
0.000846,-0.51688,0.000846,0.0
0.000847,-0.51688,0.000847,0.0
0.000848,-0.51688,0.000848,0.0
0.0008489999999999999,-0.51688,0.0008489999999999999,0.0
0.00085,-0.51688,0.00085,0.0
0.000851,-0.51688,0.000851,0.0
0.000852,-0.51688,0.000852,0.0
0.0008529999999999999,-0.51688,0.0008529999999999999,-0.0472
0.0008539999999999999,-0.51688,0.0008539999999999999,0.0
0.000855,-0.51688,0.000855,0.0
0.000856,-0.51688,0.000856,0.0
0.000857,-0.51688,0.000857,0.0
0.0008579999999999999,-0.51688,0.0008579999999999999,0.0
0.000859,-0.51688,0.000859,-0.0472
0.00086,-0.51688,0.00086,0.0
0.000861,-0.51688,0.000861,0.0
0.0008619999999999999,-0.51688,0.0008619999999999999,0.0
0.0008629999999999999,-0.51688,0.0008629999999999999,0.0
0.000864,-0.51688,0.000864,0.0
0.000865,-0.51688,0.000865,0.0
0.0008659999999999999,-0.51688,0.0008659999999999999,0.0
0.0008669999999999999,-0.51688,0.0008669999999999999,0.0
0.000868,-0.51688,0.000868,0.0
0.000869,-0.51688,0.000869,0.0
0.00087,-0.51688,0.00087,0.0
0.0008709999999999999,-0.51688,0.0008709999999999999,0.0
0.0008719999999999999,-0.51688,0.0008719999999999999,0.0
0.000873,-0.51688,0.000873,0.0
0.000874,-0.51688,0.000874,0.0
0.0008749999999999999,-0.51688,0.0008749999999999999,0.0
0.0008759999999999999,-0.51688,0.0008759999999999999,0.0
0.000877,-0.51688,0.000877,0.0
0.000878,-0.51688,0.000878,0.0
0.000879,-0.51688,0.000879,0.0
0.0008799999999999999,-0.51688,0.0008799999999999999,0.0
0.000881,-0.51688,0.000881,0.0
0.000882,-0.51688,0.000882,0.0
0.000883,-0.51688,0.000883,0.0
0.0008839999999999999,-0.51688,0.0008839999999999999,-0.0472
0.0008849999999999999,-0.51688,0.0008849999999999999,0.0
0.000886,-0.5112,0.000886,0.0
0.000887,-0.51688,0.000887,0.0
0.000888,-0.51688,0.000888,0.0
0.0008889999999999999,-0.51688,0.0008889999999999999,0.0
0.00089,-0.51688,0.00089,0.0
0.000891,-0.51688,0.000891,0.0
0.000892,-0.51688,0.000892,0.0
0.0008929999999999999,-0.51688,0.0008929999999999999,-0.0472
0.0008939999999999999,-0.51688,0.0008939999999999999,0.0
0.000895,-0.51688,0.000895,-0.0472
0.000896,-0.51688,0.000896,0.0
0.000897,-0.51688,0.000897,0.0
0.0008979999999999999,-0.51688,0.0008979999999999999,0.0
0.000899,-0.51688,0.000899,0.0
0.0009,-0.51688,0.0009,-0.0472
0.000901,-0.51688,0.000901,0.0
0.0009019999999999999,-0.51688,0.0009019999999999999,0.0
0.0009029999999999999,-0.51688,0.0009029999999999999,-0.0472
0.000904,-0.51688,0.000904,0.0
0.000905,-0.51688,0.000905,0.0
0.000906,-0.51688,0.000906,0.0
0.0009069999999999999,-0.51688,0.0009069999999999999,0.0
0.000908,-0.51688,0.000908,0.0
0.000909,-0.51688,0.000909,-0.0472
0.00091,-0.51688,0.00091,0.0
0.0009109999999999999,-0.51688,0.0009109999999999999,0.0
0.0009119999999999999,-0.51688,0.0009119999999999999,0.0
0.000913,-0.51688,0.000913,0.0
0.000914,-0.51688,0.000914,0.0
0.0009149999999999999,-0.51688,0.0009149999999999999,0.0
0.0009159999999999999,-0.51688,0.0009159999999999999,-0.0472
0.000917,-0.51688,0.000917,0.0
0.000918,-0.51688,0.000918,0.0
0.000919,-0.51688,0.000919,0.0
0.0009199999999999999,-0.51688,0.0009199999999999999,0.0
0.0009209999999999999,-0.51688,0.0009209999999999999,0.0
0.000922,-0.51688,0.000922,0.0
0.000923,-0.51688,0.000923,0.0
0.0009239999999999999,-0.51688,0.0009239999999999999,0.0
0.0009249999999999999,-0.51688,0.0009249999999999999,0.0
0.000926,-0.51688,0.000926,0.0
0.000927,-0.51688,0.000927,-0.0472
0.000928,-0.51688,0.000928,0.0
0.0009289999999999999,-0.51688,0.0009289999999999999,0.0
0.0009299999999999999,-0.51688,0.0009299999999999999,-0.0472
0.000931,-0.51688,0.000931,0.0
0.000932,-0.51688,0.000932,0.0
0.0009329999999999999,-0.51688,0.0009329999999999999,0.0
0.0009339999999999999,-0.51688,0.0009339999999999999,0.0
0.000935,-0.51688,0.000935,0.0
0.000936,-0.51688,0.000936,0.0
0.000937,-0.51688,0.000937,0.0
0.0009379999999999999,-0.51688,0.0009379999999999999,0.0
0.000939,-0.51688,0.000939,0.0
0.00094,-0.51688,0.00094,0.0
0.000941,-0.51688,0.000941,0.0
0.0009419999999999999,-0.51688,0.0009419999999999999,-0.0472
0.0009429999999999999,-0.51688,0.0009429999999999999,0.0
0.000944,-0.51688,0.000944,0.0
0.000945,-0.51688,0.000945,0.0
0.000946,-0.51688,0.000946,0.0
0.0009469999999999999,-0.51688,0.0009469999999999999,0.0
0.000948,-0.51688,0.000948,0.0
0.000949,-0.51688,0.000949,0.0
0.00095,-0.51688,0.00095,0.0
0.0009509999999999999,-0.51688,0.0009509999999999999,0.0
0.0009519999999999999,-0.51688,0.0009519999999999999,0.0
0.000953,-0.51688,0.000953,0.0
0.000954,-0.51688,0.000954,0.0
0.0009549999999999999,-0.51688,0.0009549999999999999,0.0
0.0009559999999999999,-0.51688,0.0009559999999999999,-0.0472
0.000957,-0.51688,0.000957,0.0
0.000958,-0.51688,0.000958,0.0
0.000959,-0.51688,0.000959,0.0
0.0009599999999999999,-0.51688,0.0009599999999999999,0.0
0.0009609999999999999,-0.51688,0.0009609999999999999,0.0
0.000962,-0.51688,0.000962,0.0
0.000963,-0.51688,0.000963,0.0
0.0009639999999999999,-0.51688,0.0009639999999999999,0.0
0.0009649999999999999,-0.51688,0.0009649999999999999,0.0
0.000966,-0.51688,0.000966,0.0
0.000967,-0.51688,0.000967,0.0
0.000968,-0.51688,0.000968,0.0
0.0009689999999999999,-0.51688,0.0009689999999999999,-0.0472
0.0009699999999999999,-0.51688,0.0009699999999999999,0.0
0.000971,-0.51688,0.000971,0.0
0.000972,-0.51688,0.000972,0.0
0.0009729999999999999,-0.51688,0.0009729999999999999,-0.0472
0.0009739999999999999,-0.51688,0.0009739999999999999,0.0
0.000975,-0.51688,0.000975,0.0
0.000976,-0.51688,0.000976,0.0
0.000977,-0.51688,0.000977,0.0
0.000978,-0.51688,0.000978,0.0
0.000979,-0.51688,0.000979,0.0
0.00098,-0.51688,0.00098,0.0
0.0009809999999999999,-0.51688,0.0009809999999999999,0.0
0.000982,-0.51688,0.000982,-0.0472
0.000983,-0.51688,0.000983,0.0
0.0009839999999999998,-0.51688,0.0009839999999999998,0.0
0.000985,-0.51688,0.000985,0.0
0.000986,-0.51688,0.000986,0.0
0.000987,-0.51688,0.000987,0.0
0.000988,-0.51688,0.000988,0.0
0.0009889999999999999,-0.51688,0.0009889999999999999,0.0
0.00099,-0.51688,0.00099,0.0
0.000991,-0.51688,0.000991,0.0
0.000992,-0.51688,0.000992,0.0
0.000993,-0.51688,0.000993,0.0
0.0009939999999999999,-0.51688,0.0009939999999999999,0.0
0.000995,-0.51688,0.000995,0.0
0.000996,-0.51688,0.000996,0.0
0.000997,-0.51688,0.000997,0.0
0.000998,-0.51688,0.000998,-0.0472
0.0009989999999999999,-0.51688,0.0009989999999999999,0.0
0.001,-0.51688,0.001,0.0
0.001001,-0.51688,0.001001,0.0
0.0010019999999999999,-0.51688,0.0010019999999999999,0.0
0.001003,-0.51688,0.001003,0.0
0.001004,-0.51688,0.001004,0.0
0.001005,-0.51688,0.001005,0.0
0.001006,-0.51688,0.001006,0.0
0.0010069999999999999,-0.51688,0.0010069999999999999,0.0
0.001008,-0.51688,0.001008,-0.0472
0.001009,-0.51688,0.001009,0.0
0.00101,-0.51688,0.00101,0.0
0.001011,-0.51688,0.001011,0.0
0.0010119999999999999,-0.51688,0.0010119999999999999,-0.0472
0.001013,-0.51688,0.001013,0.0
0.001014,-0.51688,0.001014,0.0
0.001015,-0.51688,0.001015,0.0
0.001016,-0.51688,0.001016,0.0
0.001017,-0.51688,0.001017,0.0
0.001018,-0.51688,0.001018,0.0
0.001019,-0.51688,0.001019,0.0
0.0010199999999999999,-0.51688,0.0010199999999999999,0.0
0.001021,-0.51688,0.001021,-0.0472
0.001022,-0.51688,0.001022,0.0
0.001023,-0.51688,0.001023,0.0
0.001024,-0.51688,0.001024,0.0
0.0010249999999999999,-0.51688,0.0010249999999999999,0.0
0.001026,-0.51688,0.001026,0.0
0.001027,-0.51688,0.001027,0.0
0.001028,-0.51688,0.001028,0.0
0.001029,-0.51688,0.001029,0.0
0.0010299999999999999,-0.51688,0.0010299999999999999,0.0
0.001031,-0.51688,0.001031,0.0
0.001032,-0.51688,0.001032,0.0
0.0010329999999999998,-0.51688,0.0010329999999999998,0.0
0.001034,-0.51688,0.001034,0.0
0.001035,-0.51688,0.001035,0.0
0.001036,-0.51688,0.001036,-0.0472
0.001037,-0.51688,0.001037,0.0
0.0010379999999999999,-0.51688,0.0010379999999999999,-0.0472
0.001039,-0.51688,0.001039,0.0
0.00104,-0.51688,0.00104,0.0
0.001041,-0.51688,0.001041,-0.0472
0.001042,-0.51688,0.001042,0.0
0.0010429999999999999,-0.51688,0.0010429999999999999,-0.0472
0.001044,-0.51688,0.001044,0.0
0.001045,-0.51688,0.001045,0.0
0.001046,-0.51688,0.001046,0.0
0.001047,-0.51688,0.001047,0.0
0.0010479999999999999,-0.51688,0.0010479999999999999,0.0
0.001049,-0.51688,0.001049,-0.0472
0.00105,-0.51688,0.00105,-0.0472
0.0010509999999999999,-0.51688,0.0010509999999999999,0.0
0.001052,-0.51688,0.001052,0.0
0.001053,-0.51688,0.001053,0.0
0.001054,-0.51688,0.001054,0.0
0.001055,-0.51688,0.001055,0.0
0.0010559999999999999,-0.51688,0.0010559999999999999,0.0
0.001057,-0.51688,0.001057,0.0
0.001058,-0.51688,0.001058,0.0
0.001059,-0.51688,0.001059,0.0
0.00106,-0.52256,0.00106,0.0
0.0010609999999999999,-0.51688,0.0010609999999999999,0.0
0.001062,-0.51688,0.001062,0.0
0.001063,-0.51688,0.001063,0.0
0.001064,-0.51688,0.001064,0.0
0.001065,-0.51688,0.001065,-0.0472
0.0010659999999999999,-0.51688,0.0010659999999999999,0.0
0.001067,-0.51688,0.001067,0.0
0.001068,-0.51688,0.001068,0.0
0.0010689999999999999,-0.51688,0.0010689999999999999,0.0
0.00107,-0.51688,0.00107,0.0
0.001071,-0.51688,0.001071,0.0
0.001072,-0.51688,0.001072,0.0
0.001073,-0.51688,0.001073,0.0
0.0010739999999999999,-0.51688,0.0010739999999999999,0.0
0.001075,-0.51688,0.001075,0.0
0.001076,-0.51688,0.001076,-0.0472
0.001077,-0.51688,0.001077,-0.0472
0.001078,-0.51688,0.001078,0.0
0.0010789999999999999,-0.51688,0.0010789999999999999,0.0
0.00108,-0.52256,0.00108,0.0
0.001081,-0.51688,0.001081,0.0
0.0010819999999999998,-0.51688,0.0010819999999999998,0.0
0.001083,-0.51688,0.001083,0.0
0.001084,-0.51688,0.001084,0.0
0.001085,-0.51688,0.001085,0.0
0.001086,-0.51688,0.001086,0.0
0.0010869999999999999,-0.51688,0.0010869999999999999,0.0
0.001088,-0.51688,0.001088,0.0
0.001089,-0.51688,0.001089,0.0
0.00109,-0.51688,0.00109,0.0
0.001091,-0.51688,0.001091,0.0
0.0010919999999999999,-0.51688,0.0010919999999999999,0.0
0.001093,-0.51688,0.001093,0.0
0.001094,-0.51688,0.001094,0.0
0.001095,-0.51688,0.001095,0.0
0.001096,-0.51688,0.001096,0.0
0.0010969999999999999,-0.51688,0.0010969999999999999,0.0
0.001098,-0.51688,0.001098,0.0
0.001099,-0.51688,0.001099,0.0
0.0010999999999999998,-0.51688,0.0010999999999999998,0.0
0.001101,-0.51688,0.001101,0.0
0.001102,-0.51688,0.001102,0.0
0.001103,-0.51688,0.001103,-0.0472
0.001104,-0.51688,0.001104,0.0
0.0011049999999999999,-0.51688,0.0011049999999999999,0.0
0.001106,-0.51688,0.001106,0.0
0.001107,-0.51688,0.001107,0.0
0.001108,-0.51688,0.001108,0.0
0.001109,-0.51688,0.001109,-0.0472
0.0011099999999999999,-0.51688,0.0011099999999999999,0.0
0.001111,-0.51688,0.001111,0.0
0.001112,-0.51688,0.001112,0.0
0.001113,-0.51688,0.001113,0.0
0.001114,-0.51688,0.001114,0.0
0.0011149999999999999,-0.51688,0.0011149999999999999,0.0
0.001116,-0.51688,0.001116,0.0
0.001117,-0.51688,0.001117,0.0
0.0011179999999999999,-0.51688,0.0011179999999999999,0.0
0.001119,-0.51688,0.001119,0.0
0.00112,-0.51688,0.00112,0.0
0.001121,-0.51688,0.001121,0.0
0.001122,-0.51688,0.001122,0.0
0.0011229999999999999,-0.51688,0.0011229999999999999,0.0
0.001124,-0.51688,0.001124,0.0
0.001125,-0.51688,0.001125,0.0
0.001126,-0.51688,0.001126,0.0
0.001127,-0.51688,0.001127,0.0
0.0011279999999999999,-0.51688,0.0011279999999999999,0.0
0.001129,-0.51688,0.001129,0.0
0.00113,-0.51688,0.00113,0.0
0.0011309999999999998,-0.51688,0.0011309999999999998,0.0
0.001132,-0.51688,0.001132,0.0
0.001133,-0.51688,0.001133,0.0
0.001134,-0.51688,0.001134,0.0
0.001135,-0.51688,0.001135,-0.0472
0.0011359999999999999,-0.51688,0.0011359999999999999,0.0
0.001137,-0.51688,0.001137,0.0
0.001138,-0.51688,0.001138,0.0
0.001139,-0.51688,0.001139,0.0
0.00114,-0.51688,0.00114,-0.0472
0.0011409999999999999,-0.51688,0.0011409999999999999,0.0
0.001142,-0.51688,0.001142,0.0
0.001143,-0.51688,0.001143,0.0
0.001144,-0.51688,0.001144,0.0
0.001145,-0.51688,0.001145,0.0
0.0011459999999999999,-0.51688,0.0011459999999999999,0.0
0.001147,-0.51688,0.001147,0.0
0.001148,-0.51688,0.001148,0.0
0.0011489999999999998,-0.51688,0.0011489999999999998,0.0
0.00115,-0.51688,0.00115,0.0
0.001151,-0.51688,0.001151,0.0
0.001152,-0.51688,0.001152,0.0
0.001153,-0.51688,0.001153,0.0
0.0011539999999999999,-0.51688,0.0011539999999999999,0.0
0.001155,-0.51688,0.001155,-0.0472
0.001156,-0.51688,0.001156,0.0
0.001157,-0.51688,0.001157,-0.0472
0.001158,-0.51688,0.001158,0.0
0.0011589999999999999,-0.51688,0.0011589999999999999,-0.0472
0.00116,-0.51688,0.00116,0.0
0.001161,-0.51688,0.001161,0.0
0.001162,-0.51688,0.001162,0.0
0.001163,-0.51688,0.001163,-0.0472
0.0011639999999999999,-0.51688,0.0011639999999999999,0.0
0.001165,-0.51688,0.001165,0.0
0.001166,-0.51688,0.001166,0.0
0.0011669999999999999,-0.51688,0.0011669999999999999,0.0
0.001168,-0.51688,0.001168,0.0
0.001169,-0.51688,0.001169,-0.0472
0.00117,-0.51688,0.00117,0.0
0.001171,-0.51688,0.001171,0.0
0.0011719999999999999,-0.51688,0.0011719999999999999,0.0
0.001173,-0.51688,0.001173,0.0
0.001174,-0.51688,0.001174,0.0
0.001175,-0.51688,0.001175,0.0
0.001176,-0.51688,0.001176,0.0
0.0011769999999999999,-0.51688,0.0011769999999999999,0.0
0.001178,-0.51688,0.001178,0.0
0.001179,-0.51688,0.001179,0.0
0.0011799999999999998,-0.51688,0.0011799999999999998,0.0
0.001181,-0.51688,0.001181,0.0
0.0011819999999999999,-0.51688,0.0011819999999999999,0.0
0.001183,-0.51688,0.001183,0.0
0.001184,-0.51688,0.001184,0.0
0.0011849999999999999,-0.51688,0.0011849999999999999,0.0
0.001186,-0.51688,0.001186,0.0
0.001187,-0.51688,0.001187,0.0
0.001188,-0.51688,0.001188,0.0
0.001189,-0.52256,0.001189,0.0
0.0011899999999999999,-0.51688,0.0011899999999999999,0.0
0.001191,-0.51688,0.001191,0.0
0.001192,-0.51688,0.001192,0.0
0.001193,-0.51688,0.001193,0.0
0.001194,-0.51688,0.001194,0.0
0.0011949999999999999,-0.51688,0.0011949999999999999,0.0
0.001196,-0.51688,0.001196,-0.0472
0.001197,-0.51688,0.001197,0.0
0.0011979999999999998,-0.51688,0.0011979999999999998,0.0
0.001199,-0.51688,0.001199,0.0
0.0012,-0.51688,0.0012,0.0
0.001201,-0.51688,0.001201,0.0
0.001202,-0.51688,0.001202,0.0
0.0012029999999999999,-0.51688,0.0012029999999999999,0.0
0.001204,-0.51688,0.001204,0.0
0.001205,-0.51688,0.001205,0.0
0.001206,-0.51688,0.001206,0.0
0.001207,-0.51688,0.001207,-0.0472
0.0012079999999999999,-0.51688,0.0012079999999999999,0.0
0.001209,-0.51688,0.001209,0.0
0.00121,-0.51688,0.00121,0.0
0.0012109999999999998,-0.51688,0.0012109999999999998,0.0
0.001212,-0.51688,0.001212,0.0
0.0012129999999999999,-0.51688,0.0012129999999999999,0.0
0.001214,-0.51688,0.001214,0.0
0.001215,-0.51688,0.001215,0.0
0.0012159999999999999,-0.51688,0.0012159999999999999,0.0
0.001217,-0.51688,0.001217,0.0
0.001218,-0.51688,0.001218,0.0
0.001219,-0.51688,0.001219,0.0
0.00122,-0.51688,0.00122,0.0
0.0012209999999999999,-0.51688,0.0012209999999999999,-0.0472
0.001222,-0.51688,0.001222,0.0
0.001223,-0.51688,0.001223,0.0
0.001224,-0.51688,0.001224,0.0
0.001225,-0.51688,0.001225,0.0
0.0012259999999999999,-0.51688,0.0012259999999999999,0.0
0.001227,-0.51688,0.001227,0.0
0.001228,-0.51688,0.001228,0.0
0.0012289999999999998,-0.51688,0.0012289999999999998,0.0
0.00123,-0.51688,0.00123,0.0
0.0012309999999999999,-0.51688,0.0012309999999999999,0.0
0.001232,-0.51688,0.001232,0.0
0.001233,-0.51688,0.001233,0.0
0.0012339999999999999,-0.51688,0.0012339999999999999,0.0
0.001235,-0.51688,0.001235,0.0
0.001236,-0.51688,0.001236,0.0
0.001237,-0.51688,0.001237,0.0
0.001238,-0.51688,0.001238,0.0
0.0012389999999999999,-0.51688,0.0012389999999999999,0.0
0.00124,-0.51688,0.00124,0.0
0.001241,-0.51688,0.001241,0.0
0.001242,-0.51688,0.001242,0.0
0.001243,-0.51688,0.001243,0.0
0.0012439999999999999,-0.51688,0.0012439999999999999,0.0
0.001245,-0.51688,0.001245,0.0
0.001246,-0.51688,0.001246,0.0
0.0012469999999999998,-0.51688,0.0012469999999999998,-0.0472
0.001248,-0.51688,0.001248,0.0
0.001249,-0.51688,0.001249,0.0
0.00125,0.51688,0.00125,-1.416
0.001251,0.52256,0.001251,-3.9175999999999997
0.0012519999999999999,0.52256,0.0012519999999999999,-2.4544
0.001253,0.52256,0.001253,0.8967999999999999
0.001254,0.52256,0.001254,2.7376
0.001255,0.51688,0.001255,1.6992
0.001256,0.51688,0.001256,-0.708
0.0012569999999999999,0.51688,0.0012569999999999999,-1.9824
0.001258,0.52256,0.001258,-1.2272
0.001259,0.52256,0.001259,0.472
0.0012599999999999998,0.52256,0.0012599999999999998,1.3688
0.001261,0.51688,0.001261,0.8496
0.0012619999999999999,0.51688,0.0012619999999999999,-0.3776
0.001263,0.51688,0.001263,-1.0384
0.001264,0.51688,0.001264,-0.6136
0.0012649999999999998,0.52256,0.0012649999999999998,0.2832
0.001266,0.52256,0.001266,0.708
0.001267,0.51688,0.001267,0.3776
0.001268,0.51688,0.001268,-0.236
0.001269,0.51688,0.001269,-0.5192
0.0012699999999999999,0.52256,0.0012699999999999999,-0.2832
0.001271,0.52256,0.001271,0.1416
0.001272,0.51688,0.001272,0.33039999999999997
0.001273,0.52256,0.001273,0.1888
0.001274,0.52256,0.001274,-0.0944
0.0012749999999999999,0.51688,0.0012749999999999999,-0.236
0.001276,0.51688,0.001276,-0.1416
0.001277,0.52256,0.001277,0.0944
0.0012779999999999998,0.51688,0.0012779999999999998,0.1888
0.001279,0.51688,0.001279,0.0944
0.0012799999999999999,0.52256,0.0012799999999999999,-0.0472
0.001281,0.52256,0.001281,-0.1416
0.001282,0.52256,0.001282,-0.0472
0.0012829999999999999,0.52256,0.0012829999999999999,0.0472
0.001284,0.51688,0.001284,0.0944
0.001285,0.52256,0.001285,0.0472
0.001286,0.52256,0.001286,-0.0472
0.001287,0.52256,0.001287,-0.0472
0.0012879999999999999,0.51688,0.0012879999999999999,-0.0472
0.001289,0.51688,0.001289,0.0
0.00129,0.52256,0.00129,0.0472
0.001291,0.51688,0.001291,0.0472
0.001292,0.51688,0.001292,0.0
0.0012929999999999999,0.51688,0.0012929999999999999,-0.0472
0.001294,0.51688,0.001294,0.0
0.001295,0.51688,0.001295,0.0
0.0012959999999999998,0.51688,0.0012959999999999998,0.0
0.001297,0.51688,0.001297,0.0
0.001298,0.51688,0.001298,0.0
0.001299,0.51688,0.001299,0.0
0.0013,0.51688,0.0013,0.0
0.0013009999999999999,0.52256,0.0013009999999999999,0.0
0.001302,0.51688,0.001302,0.0
0.001303,0.51688,0.001303,0.0
0.001304,0.51688,0.001304,0.0
0.001305,0.51688,0.001305,-0.0472
0.0013059999999999999,0.51688,0.0013059999999999999,0.0
0.001307,0.52256,0.001307,0.0
0.001308,0.51688,0.001308,0.0
0.0013089999999999998,0.51688,0.0013089999999999998,0.0
0.00131,0.51688,0.00131,0.0
0.0013109999999999999,0.51688,0.0013109999999999999,0.0
0.001312,0.51688,0.001312,0.0
0.001313,0.51688,0.001313,0.0
0.0013139999999999998,0.51688,0.0013139999999999998,0.0
0.001315,0.52256,0.001315,0.0
0.001316,0.51688,0.001316,0.0
0.001317,0.51688,0.001317,0.0
0.001318,0.52256,0.001318,0.0
0.0013189999999999999,0.52256,0.0013189999999999999,0.0
0.00132,0.52256,0.00132,0.0
0.001321,0.51688,0.001321,0.0
0.001322,0.52256,0.001322,0.0
0.001323,0.51688,0.001323,0.0
0.0013239999999999999,0.51688,0.0013239999999999999,0.0
0.001325,0.51688,0.001325,0.0
0.001326,0.51688,0.001326,0.0
0.0013269999999999998,0.51688,0.0013269999999999998,0.0
0.001328,0.51688,0.001328,0.0
0.0013289999999999999,0.52256,0.0013289999999999999,0.0
0.00133,0.52256,0.00133,0.0
0.001331,0.51688,0.001331,-0.0472
0.0013319999999999999,0.52256,0.0013319999999999999,0.0
0.001333,0.52256,0.001333,0.0
0.001334,0.51688,0.001334,0.0
0.001335,0.51688,0.001335,0.0
0.001336,0.51688,0.001336,0.0
0.0013369999999999999,0.52256,0.0013369999999999999,0.0
0.001338,0.52256,0.001338,0.0
0.001339,0.51688,0.001339,0.0
0.00134,0.52256,0.00134,0.0
0.001341,0.52256,0.001341,0.0
0.0013419999999999999,0.51688,0.0013419999999999999,0.0
0.001343,0.51688,0.001343,0.0
0.001344,0.51688,0.001344,0.0
0.0013449999999999998,0.52256,0.0013449999999999998,0.0
0.001346,0.52256,0.001346,0.0
0.0013469999999999999,0.52256,0.0013469999999999999,0.0
0.001348,0.52256,0.001348,0.0
0.001349,0.52256,0.001349,0.0
0.0013499999999999999,0.52256,0.0013499999999999999,0.0
0.001351,0.51688,0.001351,0.0
0.001352,0.52256,0.001352,0.0
0.001353,0.52256,0.001353,-0.0472
0.001354,0.51688,0.001354,0.0
0.0013549999999999999,0.51688,0.0013549999999999999,0.0
0.001356,0.51688,0.001356,0.0
0.001357,0.52256,0.001357,0.0
0.0013579999999999998,0.52256,0.0013579999999999998,0.0
0.001359,0.51688,0.001359,0.0
0.0013599999999999999,0.51688,0.0013599999999999999,0.0
0.001361,0.51688,0.001361,0.0
0.001362,0.52256,0.001362,0.0
0.0013629999999999998,0.51688,0.0013629999999999998,0.0
0.001364,0.52256,0.001364,0.0
0.001365,0.52256,0.001365,-0.0472
0.001366,0.52256,0.001366,0.0
0.001367,0.51688,0.001367,-0.0472
0.0013679999999999999,0.51688,0.0013679999999999999,0.0
0.001369,0.51688,0.001369,0.0
0.00137,0.51688,0.00137,0.0
0.001371,0.51688,0.001371,0.0
0.001372,0.51688,0.001372,0.0
0.0013729999999999999,0.51688,0.0013729999999999999,0.0
0.001374,0.51688,0.001374,0.0
0.001375,0.51688,0.001375,0.0
0.0013759999999999998,0.51688,0.0013759999999999998,0.0
0.001377,0.51688,0.001377,0.0
0.0013779999999999999,0.51688,0.0013779999999999999,0.0
0.001379,0.52256,0.001379,0.0
0.00138,0.51688,0.00138,0.0
0.0013809999999999998,0.51688,0.0013809999999999998,0.0
0.001382,0.52256,0.001382,0.0
0.001383,0.52256,0.001383,0.0
0.001384,0.51688,0.001384,0.0
0.001385,0.51688,0.001385,0.0
0.0013859999999999999,0.51688,0.0013859999999999999,0.0
0.001387,0.52256,0.001387,0.0
0.001388,0.51688,0.001388,0.0
0.001389,0.51688,0.001389,0.0
0.00139,0.51688,0.00139,0.0
0.0013909999999999999,0.51688,0.0013909999999999999,0.0
0.001392,0.51688,0.001392,0.0
0.001393,0.51688,0.001393,0.0
0.0013939999999999998,0.51688,0.0013939999999999998,0.0
0.001395,0.51688,0.001395,0.0
0.0013959999999999999,0.51688,0.0013959999999999999,0.0
0.001397,0.52256,0.001397,0.0
0.001398,0.51688,0.001398,0.0
0.0013989999999999999,0.52256,0.0013989999999999999,0.0
0.0014,0.52256,0.0014,0.0
0.001401,0.51688,0.001401,0.0
0.001402,0.51688,0.001402,0.0
0.001403,0.51688,0.001403,-0.0472
0.0014039999999999999,0.52256,0.0014039999999999999,0.0
0.001405,0.52256,0.001405,0.0
0.001406,0.52256,0.001406,0.0
0.0014069999999999998,0.51688,0.0014069999999999998,-0.0472
0.001408,0.51688,0.001408,0.0
0.0014089999999999999,0.51688,0.0014089999999999999,0.0
0.00141,0.52256,0.00141,0.0
0.001411,0.52256,0.001411,0.0
0.0014119999999999998,0.51688,0.0014119999999999998,0.0
0.001413,0.52256,0.001413,0.0
0.001414,0.51688,0.001414,0.0
0.001415,0.52256,0.001415,0.0
0.001416,0.52256,0.001416,0.0
0.0014169999999999999,0.51688,0.0014169999999999999,0.0
0.001418,0.52256,0.001418,0.0
0.001419,0.51688,0.001419,0.0
0.00142,0.52256,0.00142,0.0
0.001421,0.51688,0.001421,0.0
0.0014219999999999999,0.52256,0.0014219999999999999,0.0
0.001423,0.51688,0.001423,0.0
0.001424,0.51688,0.001424,0.0
0.0014249999999999998,0.51688,0.0014249999999999998,0.0
0.001426,0.51688,0.001426,0.0
0.0014269999999999999,0.51688,0.0014269999999999999,0.0
0.001428,0.51688,0.001428,0.0
0.001429,0.51688,0.001429,0.0
0.0014299999999999998,0.51688,0.0014299999999999998,0.0
0.001431,0.51688,0.001431,0.0
0.001432,0.51688,0.001432,0.0
0.001433,0.51688,0.001433,0.0
0.001434,0.51688,0.001434,0.0
0.0014349999999999999,0.52256,0.0014349999999999999,0.0
0.001436,0.51688,0.001436,0.0
0.001437,0.52256,0.001437,-0.0472
0.001438,0.51688,0.001438,0.0
0.001439,0.52256,0.001439,0.0
0.0014399999999999999,0.51688,0.0014399999999999999,0.0
0.001441,0.51688,0.001441,0.0
0.001442,0.52256,0.001442,0.0
0.0014429999999999998,0.52256,0.0014429999999999998,0.0
0.001444,0.51688,0.001444,-0.0472
0.0014449999999999999,0.51688,0.0014449999999999999,0.0
0.001446,0.52256,0.001446,0.0
0.001447,0.51688,0.001447,-0.0472
0.0014479999999999999,0.52256,0.0014479999999999999,0.0
0.001449,0.51688,0.001449,0.0
0.00145,0.51688,0.00145,0.0
0.001451,0.51688,0.001451,0.0
0.001452,0.52256,0.001452,0.0
0.0014529999999999999,0.52256,0.0014529999999999999,0.0
0.001454,0.52256,0.001454,0.0
0.001455,0.51688,0.001455,0.0
0.0014559999999999998,0.52256,0.0014559999999999998,0.0
0.001457,0.52256,0.001457,0.0
0.0014579999999999999,0.51688,0.0014579999999999999,-0.0472
0.001459,0.52256,0.001459,0.0
0.00146,0.51688,0.00146,0.0
0.0014609999999999998,0.52256,0.0014609999999999998,-0.0472
0.001462,0.51688,0.001462,0.0
0.0014629999999999999,0.51688,0.0014629999999999999,0.0
0.001464,0.51688,0.001464,0.0
0.001465,0.52256,0.001465,0.0
0.0014659999999999999,0.51688,0.0014659999999999999,0.0
0.001467,0.52256,0.001467,0.0
0.001468,0.52256,0.001468,0.0
0.001469,0.51688,0.001469,0.0
0.00147,0.51688,0.00147,0.0
0.0014709999999999999,0.52256,0.0014709999999999999,0.0
0.001472,0.51688,0.001472,0.0
0.001473,0.52256,0.001473,0.0
0.0014739999999999998,0.52256,0.0014739999999999998,0.0
0.001475,0.52256,0.001475,0.0
0.0014759999999999999,0.51688,0.0014759999999999999,0.0
0.001477,0.52256,0.001477,0.0
0.001478,0.52256,0.001478,-0.0472
0.0014789999999999998,0.51688,0.0014789999999999998,0.0
0.00148,0.51688,0.00148,0.0
0.001481,0.52256,0.001481,0.0
0.001482,0.51688,0.001482,0.0
0.001483,0.52256,0.001483,0.0
0.0014839999999999999,0.51688,0.0014839999999999999,0.0
0.001485,0.51688,0.001485,0.0
0.001486,0.52256,0.001486,0.0
0.001487,0.51688,0.001487,0.0
0.001488,0.51688,0.001488,0.0
0.0014889999999999999,0.52256,0.0014889999999999999,0.0
0.00149,0.52256,0.00149,0.0
0.001491,0.51688,0.001491,0.0
0.0014919999999999998,0.51688,0.0014919999999999998,0.0
0.001493,0.52256,0.001493,0.0
0.0014939999999999999,0.51688,0.0014939999999999999,0.0
0.001495,0.51688,0.001495,0.0
0.001496,0.52256,0.001496,0.0
0.0014969999999999998,0.52256,0.0014969999999999998,0.0
0.001498,0.52256,0.001498,0.0
0.001499,0.52256,0.001499,0.0
0.0015,0.51688,0.0015,0.0
0.001501,0.52256,0.001501,0.0
0.0015019999999999999,0.52256,0.0015019999999999999,0.0
0.001503,0.51688,0.001503,0.0
0.001504,0.51688,0.001504,0.0
0.0015049999999999998,0.51688,0.0015049999999999998,0.0
0.001506,0.52256,0.001506,0.0
0.0015069999999999999,0.51688,0.0015069999999999999,0.0
0.001508,0.52256,0.001508,0.0
0.001509,0.52256,0.001509,0.0
0.0015099999999999998,0.52256,0.0015099999999999998,0.0
0.001511,0.52256,0.001511,0.0
0.0015119999999999999,0.51688,0.0015119999999999999,0.0
0.001513,0.51688,0.001513,0.0
0.001514,0.52256,0.001514,0.0
0.0015149999999999999,0.51688,0.0015149999999999999,0.0
0.001516,0.51688,0.001516,-0.0472
0.001517,0.51688,0.001517,0.0
0.001518,0.51688,0.001518,0.0
0.001519,0.51688,0.001519,0.0
0.0015199999999999999,0.52256,0.0015199999999999999,0.0
0.001521,0.51688,0.001521,0.0
0.001522,0.52256,0.001522,0.0
0.0015229999999999998,0.52256,0.0015229999999999998,0.0
0.001524,0.51688,0.001524,0.0
0.0015249999999999999,0.52256,0.0015249999999999999,0.0
0.001526,0.51688,0.001526,0.0
0.001527,0.52256,0.001527,0.0
0.0015279999999999998,0.51688,0.0015279999999999998,0.0
0.001529,0.51688,0.001529,0.0
0.00153,0.51688,0.00153,0.0
0.001531,0.51688,0.001531,0.0
0.001532,0.52256,0.001532,0.0
0.0015329999999999999,0.52256,0.0015329999999999999,0.0
0.001534,0.52256,0.001534,0.0
0.001535,0.52256,0.001535,-0.0472
0.001536,0.52256,0.001536,0.0
0.001537,0.51688,0.001537,0.0
0.0015379999999999999,0.52256,0.0015379999999999999,0.0
0.001539,0.52256,0.001539,0.0
0.00154,0.52256,0.00154,0.0
0.0015409999999999998,0.51688,0.0015409999999999998,0.0
0.001542,0.51688,0.001542,-0.0472
0.0015429999999999999,0.52256,0.0015429999999999999,-0.0472
0.001544,0.52256,0.001544,0.0
0.001545,0.52256,0.001545,0.0
0.0015459999999999998,0.52256,0.0015459999999999998,0.0
0.001547,0.52256,0.001547,0.0
0.001548,0.51688,0.001548,0.0
0.001549,0.51688,0.001549,0.0
0.00155,0.52256,0.00155,-0.0472
0.0015509999999999999,0.51688,0.0015509999999999999,0.0
0.001552,0.52256,0.001552,0.0
0.001553,0.51688,0.001553,0.0
0.0015539999999999998,0.51688,0.0015539999999999998,0.0
0.001555,0.52256,0.001555,0.0
0.0015559999999999999,0.52256,0.0015559999999999999,0.0
0.001557,0.52256,0.001557,-0.0472
0.001558,0.51688,0.001558,0.0
0.0015589999999999998,0.52256,0.0015589999999999998,0.0
0.00156,0.52256,0.00156,0.0
0.0015609999999999999,0.52256,0.0015609999999999999,0.0
0.001562,0.51688,0.001562,0.0
0.001563,0.52256,0.001563,0.0
0.0015639999999999999,0.52256,0.0015639999999999999,0.0
0.001565,0.51688,0.001565,0.0
0.001566,0.51688,0.001566,0.0
0.001567,0.51688,0.001567,0.0
0.001568,0.51688,0.001568,0.0
0.0015689999999999999,0.52256,0.0015689999999999999,0.0
0.00157,0.52256,0.00157,0.0
0.001571,0.51688,0.001571,0.0
0.0015719999999999998,0.51688,0.0015719999999999998,0.0
0.001573,0.51688,0.001573,0.0
0.0015739999999999999,0.51688,0.0015739999999999999,0.0
0.001575,0.52256,0.001575,0.0
0.001576,0.52256,0.001576,0.0
0.0015769999999999998,0.52256,0.0015769999999999998,0.0
0.001578,0.52256,0.001578,0.0
0.0015789999999999999,0.52256,0.0015789999999999999,0.0
0.00158,0.51688,0.00158,0.0
0.001581,0.51688,0.001581,0.0
0.0015819999999999999,0.51688,0.0015819999999999999,0.0
0.001583,0.51688,0.001583,0.0
0.001584,0.52256,0.001584,0.0
0.0015849999999999998,0.52256,0.0015849999999999998,0.0
0.001586,0.51688,0.001586,0.0
0.0015869999999999999,0.52256,0.0015869999999999999,0.0
0.001588,0.52256,0.001588,0.0
0.001589,0.52256,0.001589,0.0
0.0015899999999999998,0.52256,0.0015899999999999998,0.0
0.001591,0.51688,0.001591,-0.0472
0.0015919999999999999,0.52256,0.0015919999999999999,0.0
0.001593,0.51688,0.001593,0.0
0.001594,0.52256,0.001594,0.0
0.0015949999999999998,0.52256,0.0015949999999999998,0.0
0.001596,0.52256,0.001596,0.0
0.001597,0.52256,0.001597,0.0
0.001598,0.51688,0.001598,0.0
0.001599,0.52256,0.001599,0.0
0.0015999999999999999,0.52256,0.0015999999999999999,0.0
0.001601,0.51688,0.001601,0.0
0.001602,0.51688,0.001602,0.0
0.0016029999999999998,0.51688,0.0016029999999999998,0.0
0.001604,0.52256,0.001604,-0.0472
0.0016049999999999999,0.51688,0.0016049999999999999,0.0
0.001606,0.52256,0.001606,0.0
0.001607,0.52256,0.001607,0.0
0.0016079999999999998,0.51688,0.0016079999999999998,0.0
0.001609,0.51688,0.001609,0.0
0.0016099999999999999,0.52256,0.0016099999999999999,0.0
0.001611,0.52256,0.001611,-0.0472
0.001612,0.52256,0.001612,0.0
0.0016129999999999999,0.51688,0.0016129999999999999,0.0
0.001614,0.52256,0.001614,0.0
0.001615,0.51688,0.001615,0.0
0.001616,0.51688,0.001616,0.0
0.001617,0.51688,0.001617,0.0
0.0016179999999999999,0.51688,0.0016179999999999999,0.0
0.001619,0.52256,0.001619,0.0
0.00162,0.52256,0.00162,0.0
0.0016209999999999998,0.52256,0.0016209999999999998,0.0
0.001622,0.52256,0.001622,0.0
0.0016229999999999999,0.52256,0.0016229999999999999,0.0
0.001624,0.52256,0.001624,0.0
0.001625,0.52256,0.001625,0.0
0.0016259999999999998,0.51688,0.0016259999999999998,0.0
0.001627,0.52256,0.001627,0.0
0.0016279999999999999,0.51688,0.0016279999999999999,0.0
0.001629,0.52256,0.001629,-0.0472
0.00163,0.52256,0.00163,0.0
0.0016309999999999999,0.52256,0.0016309999999999999,0.0
0.001632,0.51688,0.001632,-0.0472
0.001633,0.52256,0.001633,0.0
0.0016339999999999998,0.51688,0.0016339999999999998,0.0
0.001635,0.51688,0.001635,0.0
0.0016359999999999999,0.52256,0.0016359999999999999,0.0
0.001637,0.52256,0.001637,0.0
0.001638,0.52256,0.001638,0.0
0.0016389999999999998,0.51688,0.0016389999999999998,0.0
0.00164,0.51688,0.00164,0.0
0.0016409999999999999,0.52256,0.0016409999999999999,0.0
0.001642,0.52256,0.001642,0.0
0.001643,0.51688,0.001643,-0.0472
0.0016439999999999998,0.51688,0.0016439999999999998,0.0
0.001645,0.52256,0.001645,0.0
0.001646,0.51688,0.001646,0.0
0.001647,0.51688,0.001647,0.0
0.001648,0.52256,0.001648,0.0
0.0016489999999999999,0.52256,0.0016489999999999999,0.0
0.00165,0.52256,0.00165,0.0
0.001651,0.52256,0.001651,0.0
0.0016519999999999998,0.51688,0.0016519999999999998,0.0
0.001653,0.52256,0.001653,0.0
0.0016539999999999999,0.51688,0.0016539999999999999,0.0
0.001655,0.52256,0.001655,0.0
0.001656,0.52256,0.001656,0.0
0.0016569999999999998,0.52256,0.0016569999999999998,-0.0472
0.001658,0.52256,0.001658,0.0
0.0016589999999999999,0.52256,0.0016589999999999999,0.0
0.00166,0.52256,0.00166,0.0
0.001661,0.51688,0.001661,0.0
0.0016619999999999998,0.51688,0.0016619999999999998,0.0
0.001663,0.51688,0.001663,0.0
0.001664,0.51688,0.001664,0.0
0.001665,0.52256,0.001665,0.0
0.001666,0.52256,0.001666,0.0
0.0016669999999999999,0.52256,0.0016669999999999999,0.0
0.001668,0.51688,0.001668,0.0
0.001669,0.52256,0.001669,0.0
0.0016699999999999998,0.52256,0.0016699999999999998,0.0
0.001671,0.52256,0.001671,0.0
0.0016719999999999999,0.52256,0.0016719999999999999,-0.0472
0.001673,0.52256,0.001673,0.0
0.001674,0.52256,0.001674,0.0
0.0016749999999999998,0.51688,0.0016749999999999998,0.0
0.001676,0.51688,0.001676,0.0
0.0016769999999999999,0.51688,0.0016769999999999999,0.0
0.001678,0.52256,0.001678,0.0
0.001679,0.52256,0.001679,0.0
0.0016799999999999999,0.51688,0.0016799999999999999,0.0
0.001681,0.52256,0.001681,0.0
0.001682,0.52256,0.001682,0.0
0.0016829999999999998,0.52256,0.0016829999999999998,0.0
0.001684,0.52256,0.001684,0.0
0.0016849999999999999,0.52256,0.0016849999999999999,0.0
0.001686,0.52256,0.001686,0.0
0.001687,0.51688,0.001687,0.0
0.0016879999999999998,0.51688,0.0016879999999999998,0.0
0.001689,0.52256,0.001689,0.0
0.0016899999999999999,0.52256,0.0016899999999999999,0.0
0.001691,0.51688,0.001691,0.0
0.001692,0.52256,0.001692,0.0
0.0016929999999999998,0.52256,0.0016929999999999998,0.0
0.001694,0.51688,0.001694,0.0
0.001695,0.51688,0.001695,0.0
0.001696,0.52256,0.001696,0.0
0.001697,0.52256,0.001697,0.0
0.0016979999999999999,0.51688,0.0016979999999999999,0.0
0.001699,0.52256,0.001699,0.0
0.0017,0.52256,0.0017,0.0
0.0017009999999999998,0.52256,0.0017009999999999998,0.0
0.001702,0.52256,0.001702,0.0
0.0017029999999999999,0.51688,0.0017029999999999999,0.0
0.001704,0.52256,0.001704,0.0
0.001705,0.51688,0.001705,0.0
0.0017059999999999998,0.52256,0.0017059999999999998,0.0
0.001707,0.51688,0.001707,0.0
0.0017079999999999999,0.52256,0.0017079999999999999,0.0
0.001709,0.52256,0.001709,0.0
0.00171,0.51688,0.00171,0.0
0.0017109999999999998,0.51688,0.0017109999999999998,0.0
0.001712,0.52256,0.001712,0.0
0.001713,0.52256,0.001713,0.0
0.001714,0.51688,0.001714,0.0
0.001715,0.52256,0.001715,0.0
0.0017159999999999999,0.52256,0.0017159999999999999,0.0
0.001717,0.52256,0.001717,0.0
0.001718,0.52256,0.001718,0.0
0.0017189999999999998,0.51688,0.0017189999999999998,-0.0472
0.00172,0.52256,0.00172,0.0
0.0017209999999999999,0.52256,0.0017209999999999999,0.0
0.001722,0.52256,0.001722,0.0
0.001723,0.52256,0.001723,0.0
0.0017239999999999998,0.52256,0.0017239999999999998,0.0
0.001725,0.52256,0.001725,0.0
0.0017259999999999999,0.51688,0.0017259999999999999,0.0
0.001727,0.51688,0.001727,0.0
0.001728,0.52256,0.001728,0.0
0.0017289999999999999,0.52256,0.0017289999999999999,0.0
0.00173,0.52256,0.00173,0.0
0.001731,0.51688,0.001731,0.0
0.0017319999999999998,0.52256,0.0017319999999999998,0.0
0.001733,0.52256,0.001733,0.0
0.0017339999999999999,0.52256,0.0017339999999999999,0.0
0.001735,0.51688,0.001735,0.0
0.001736,0.52256,0.001736,0.0
0.0017369999999999998,0.51688,0.0017369999999999998,0.0
0.001738,0.52256,0.001738,0.0
0.0017389999999999999,0.51688,0.0017389999999999999,0.0
0.00174,0.52256,0.00174,0.0
0.001741,0.52256,0.001741,0.0
0.0017419999999999998,0.51688,0.0017419999999999998,0.0
0.001743,0.52256,0.001743,0.0
0.0017439999999999999,0.52256,0.0017439999999999999,0.0
0.001745,0.52256,0.001745,0.0
0.001746,0.52256,0.001746,0.0
0.0017469999999999999,0.52256,0.0017469999999999999,0.0
0.001748,0.51688,0.001748,-0.0472
0.001749,0.52256,0.001749,0.0
0.0017499999999999998,-0.51688,0.0017499999999999998,1.3688
0.001751,-0.51688,0.001751,3.8704
0.0017519999999999999,-0.52256,0.0017519999999999999,2.4072
0.001753,-0.52256,0.001753,-0.944
0.001754,-0.51688,0.001754,-2.7376
0.0017549999999999998,-0.51688,0.0017549999999999998,-1.6992
0.001756,-0.5112,0.001756,0.6607999999999999
0.0017569999999999999,-0.5112,0.0017569999999999999,1.9352
0.001758,-0.51688,0.001758,1.18
0.001759,-0.51688,0.001759,-0.5192
0.0017599999999999998,-0.51688,0.0017599999999999998,-1.416
0.001761,-0.51688,0.001761,-0.8496
0.001762,-0.51688,0.001762,0.33039999999999997
0.001763,-0.51688,0.001763,0.9912
0.001764,-0.51688,0.001764,0.5664
0.0017649999999999999,-0.51688,0.0017649999999999999,-0.2832
0.001766,-0.51688,0.001766,-0.708
0.001767,-0.51688,0.001767,-0.4248
0.0017679999999999998,-0.51688,0.0017679999999999998,0.1888
0.001769,-0.51688,0.001769,0.472
0.0017699999999999999,-0.51688,0.0017699999999999999,0.2832
0.001771,-0.51688,0.001771,-0.1888
0.001772,-0.51688,0.001772,-0.3776
0.0017729999999999998,-0.51688,0.0017729999999999998,-0.1888
0.001774,-0.51688,0.001774,0.0944
0.0017749999999999999,-0.51688,0.0017749999999999999,0.236
0.001776,-0.51688,0.001776,0.0944
0.001777,-0.51688,0.001777,-0.0944
0.0017779999999999998,-0.51688,0.0017779999999999998,-0.1888
0.001779,-0.51688,0.001779,-0.0944
0.00178,-0.51688,0.00178,0.0472
0.0017809999999999998,-0.51688,0.0017809999999999998,0.0944
0.001782,-0.51688,0.001782,0.0472
0.0017829999999999999,-0.51688,0.0017829999999999999,-0.0472
0.001784,-0.51688,0.001784,-0.0944
0.001785,-0.51688,0.001785,-0.0472
0.0017859999999999998,-0.51688,0.0017859999999999998,0.0472
0.001787,-0.51688,0.001787,0.0472
0.0017879999999999999,-0.51688,0.0017879999999999999,0.0472
0.001789,-0.51688,0.001789,0.0
0.00179,-0.51688,0.00179,-0.0472
0.0017909999999999998,-0.51688,0.0017909999999999998,-0.0472
0.001792,-0.51688,0.001792,0.0
0.0017929999999999999,-0.51688,0.0017929999999999999,0.0472
0.001794,-0.51688,0.001794,0.0
0.001795,-0.51688,0.001795,0.0
0.0017959999999999999,-0.51688,0.0017959999999999999,-0.0472
0.001797,-0.51688,0.001797,0.0
0.001798,-0.51688,0.001798,0.0
0.0017989999999999998,-0.51688,0.0017989999999999998,0.0
0.0018,-0.51688,0.0018,0.0
0.0018009999999999999,-0.51688,0.0018009999999999999,-0.0472
0.001802,-0.51688,0.001802,-0.0472
0.001803,-0.51688,0.001803,0.0
0.0018039999999999998,-0.51688,0.0018039999999999998,0.0
0.001805,-0.51688,0.001805,0.0
0.0018059999999999999,-0.51688,0.0018059999999999999,-0.0472
0.001807,-0.51688,0.001807,-0.0472
0.001808,-0.51688,0.001808,-0.0472
0.0018089999999999998,-0.51688,0.0018089999999999998,0.0
0.00181,-0.51688,0.00181,0.0
0.001811,-0.51688,0.001811,0.0
0.001812,-0.51688,0.001812,0.0
0.001813,-0.51688,0.001813,0.0
0.0018139999999999999,-0.51688,0.0018139999999999999,0.0
0.001815,-0.51688,0.001815,0.0
0.001816,-0.51688,0.001816,0.0
0.0018169999999999998,-0.51688,0.0018169999999999998,0.0
0.001818,-0.51688,0.001818,0.0
0.0018189999999999999,-0.51688,0.0018189999999999999,0.0
0.00182,-0.51688,0.00182,0.0
0.001821,-0.51688,0.001821,0.0
0.0018219999999999998,-0.51688,0.0018219999999999998,0.0
0.001823,-0.51688,0.001823,0.0
0.0018239999999999999,-0.51688,0.0018239999999999999,0.0
0.001825,-0.51688,0.001825,0.0
0.001826,-0.51688,0.001826,0.0
0.0018269999999999998,-0.51688,0.0018269999999999998,0.0
0.001828,-0.51688,0.001828,0.0
0.001829,-0.51688,0.001829,0.0
0.0018299999999999998,-0.51688,0.0018299999999999998,0.0
0.001831,-0.51688,0.001831,0.0
0.0018319999999999999,-0.51688,0.0018319999999999999,0.0
0.001833,-0.51688,0.001833,0.0
0.001834,-0.51688,0.001834,0.0
0.0018349999999999998,-0.51688,0.0018349999999999998,0.0
0.001836,-0.51688,0.001836,0.0
0.0018369999999999999,-0.51688,0.0018369999999999999,0.0
0.001838,-0.51688,0.001838,0.0
0.001839,-0.51688,0.001839,0.0
0.0018399999999999998,-0.51688,0.0018399999999999998,0.0
0.001841,-0.51688,0.001841,0.0
0.0018419999999999999,-0.51688,0.0018419999999999999,0.0
0.001843,-0.51688,0.001843,-0.0472
0.001844,-0.51688,0.001844,0.0
0.0018449999999999999,-0.51688,0.0018449999999999999,0.0
0.001846,-0.51688,0.001846,0.0
0.001847,-0.51688,0.001847,0.0
0.0018479999999999998,-0.51688,0.0018479999999999998,-0.0472
0.001849,-0.51688,0.001849,0.0
0.0018499999999999999,-0.51688,0.0018499999999999999,0.0
0.001851,-0.51688,0.001851,0.0
0.001852,-0.51688,0.001852,0.0
0.0018529999999999998,-0.51688,0.0018529999999999998,0.0
0.001854,-0.51688,0.001854,0.0
0.0018549999999999999,-0.51688,0.0018549999999999999,0.0
0.001856,-0.51688,0.001856,0.0
0.001857,-0.51688,0.001857,0.0
0.0018579999999999998,-0.51688,0.0018579999999999998,0.0
0.001859,-0.51688,0.001859,-0.0472
0.0018599999999999999,-0.51688,0.0018599999999999999,-0.0472
0.001861,-0.51688,0.001861,0.0
0.001862,-0.51688,0.001862,0.0
0.0018629999999999999,-0.51688,0.0018629999999999999,0.0
0.001864,-0.51688,0.001864,0.0
0.001865,-0.51688,0.001865,0.0
0.0018659999999999998,-0.51688,0.0018659999999999998,0.0
0.001867,-0.51688,0.001867,0.0
0.0018679999999999999,-0.51688,0.0018679999999999999,0.0
0.001869,-0.51688,0.001869,0.0
0.00187,-0.51688,0.00187,0.0
0.0018709999999999998,-0.51688,0.0018709999999999998,0.0
0.001872,-0.51688,0.001872,0.0
0.0018729999999999999,-0.51688,0.0018729999999999999,-0.0472
0.001874,-0.51688,0.001874,0.0
0.001875,-0.51688,0.001875,0.0
0.0018759999999999998,-0.51688,0.0018759999999999998,0.0
0.001877,-0.51688,0.001877,0.0
0.001878,-0.51688,0.001878,0.0
0.0018789999999999998,-0.51688,0.0018789999999999998,0.0
0.00188,-0.51688,0.00188,0.0
0.0018809999999999999,-0.51688,0.0018809999999999999,0.0
0.001882,-0.51688,0.001882,0.0
0.001883,-0.51688,0.001883,0.0
0.0018839999999999998,-0.51688,0.0018839999999999998,0.0
0.001885,-0.51688,0.001885,0.0
0.0018859999999999999,-0.51688,0.0018859999999999999,0.0
0.001887,-0.51688,0.001887,0.0
0.001888,-0.51688,0.001888,0.0
0.0018889999999999998,-0.51688,0.0018889999999999998,-0.0472
0.00189,-0.51688,0.00189,0.0
0.0018909999999999999,-0.51688,0.0018909999999999999,0.0
0.001892,-0.51688,0.001892,0.0
0.001893,-0.51688,0.001893,0.0
0.0018939999999999999,-0.51688,0.0018939999999999999,0.0
0.001895,-0.51688,0.001895,0.0
0.001896,-0.51688,0.001896,0.0
0.0018969999999999998,-0.51688,0.0018969999999999998,0.0
0.001898,-0.51688,0.001898,0.0
0.0018989999999999999,-0.51688,0.0018989999999999999,0.0
0.0019,-0.51688,0.0019,0.0
0.001901,-0.51688,0.001901,0.0
0.0019019999999999998,-0.51688,0.0019019999999999998,0.0
0.001903,-0.51688,0.001903,0.0
0.0019039999999999999,-0.51688,0.0019039999999999999,0.0
0.001905,-0.51688,0.001905,0.0
0.001906,-0.51688,0.001906,0.0
0.0019069999999999998,-0.51688,0.0019069999999999998,0.0
0.001908,-0.51688,0.001908,-0.0472
0.0019089999999999999,-0.51688,0.0019089999999999999,0.0
0.0019099999999999998,-0.51688,0.0019099999999999998,0.0
0.001911,-0.51688,0.001911,0.0
0.0019119999999999999,-0.51688,0.0019119999999999999,0.0
0.001913,-0.51688,0.001913,0.0
0.001914,-0.51688,0.001914,0.0
0.0019149999999999998,-0.51688,0.0019149999999999998,0.0
0.001916,-0.51688,0.001916,0.0
0.0019169999999999999,-0.51688,0.0019169999999999999,0.0
0.001918,-0.51688,0.001918,0.0
0.001919,-0.51688,0.001919,0.0
0.0019199999999999998,-0.51688,0.0019199999999999998,0.0
0.001921,-0.51688,0.001921,0.0
0.0019219999999999999,-0.51688,0.0019219999999999999,0.0
0.001923,-0.51688,0.001923,0.0
0.001924,-0.51688,0.001924,0.0
0.0019249999999999998,-0.51688,0.0019249999999999998,0.0
0.001926,-0.51688,0.001926,0.0
0.001927,-0.51688,0.001927,0.0
0.0019279999999999998,-0.51688,0.0019279999999999998,0.0
0.001929,-0.51688,0.001929,-0.0472
0.0019299999999999999,-0.51688,0.0019299999999999999,0.0
0.001931,-0.51688,0.001931,0.0
0.001932,-0.51688,0.001932,0.0
0.0019329999999999998,-0.51688,0.0019329999999999998,0.0
0.001934,-0.51688,0.001934,0.0
0.0019349999999999999,-0.51688,0.0019349999999999999,0.0
0.001936,-0.51688,0.001936,0.0
0.001937,-0.51688,0.001937,0.0
0.0019379999999999998,-0.51688,0.0019379999999999998,0.0
0.001939,-0.51688,0.001939,0.0
0.0019399999999999999,-0.52256,0.0019399999999999999,0.0
0.001941,-0.51688,0.001941,0.0
0.001942,-0.51688,0.001942,0.0
0.0019429999999999998,-0.51688,0.0019429999999999998,0.0
0.001944,-0.51688,0.001944,0.0
0.001945,-0.51688,0.001945,0.0
0.0019459999999999998,-0.51688,0.0019459999999999998,0.0
0.001947,-0.51688,0.001947,0.0
0.0019479999999999999,-0.51688,0.0019479999999999999,0.0
0.001949,-0.51688,0.001949,0.0
0.00195,-0.51688,0.00195,0.0
0.0019509999999999998,-0.51688,0.0019509999999999998,0.0
0.001952,-0.51688,0.001952,-0.0472
0.0019529999999999999,-0.51688,0.0019529999999999999,0.0
0.001954,-0.51688,0.001954,0.0
0.0019549999999999997,-0.51688,0.0019549999999999997,0.0
0.001956,-0.51688,0.001956,0.0
0.001957,-0.51688,0.001957,0.0
0.001958,-0.51688,0.001958,0.0
0.001959,-0.51688,0.001959,0.0
0.00196,-0.51688,0.00196,-0.0472
0.001961,-0.51688,0.001961,0.0
0.0019619999999999998,-0.51688,0.0019619999999999998,0.0
0.001963,-0.51688,0.001963,0.0
0.001964,-0.51688,0.001964,0.0
0.0019649999999999997,-0.51688,0.0019649999999999997,0.0
0.001966,-0.51688,0.001966,0.0
0.001967,-0.51688,0.001967,0.0
0.0019679999999999997,-0.51688,0.0019679999999999997,0.0
0.001969,-0.51688,0.001969,0.0
0.00197,-0.51688,0.00197,-0.0472
0.001971,-0.51688,0.001971,0.0
0.001972,-0.51688,0.001972,0.0
0.001973,-0.51688,0.001973,0.0
0.001974,-0.51688,0.001974,0.0
0.0019749999999999998,-0.51688,0.0019749999999999998,0.0
0.001976,-0.51688,0.001976,0.0
0.001977,-0.51688,0.001977,0.0
0.0019779999999999997,-0.51688,0.0019779999999999997,0.0
0.001979,-0.51688,0.001979,-0.0472
0.00198,-0.51688,0.00198,0.0
0.001981,-0.51688,0.001981,0.0
0.001982,-0.51688,0.001982,0.0
0.001983,-0.51688,0.001983,0.0
0.001984,-0.51688,0.001984,0.0
0.001985,-0.51688,0.001985,0.0
0.001986,-0.51688,0.001986,0.0
0.001987,-0.51688,0.001987,0.0
0.0019879999999999997,-0.51688,0.0019879999999999997,0.0
0.001989,-0.51688,0.001989,-0.0472
0.00199,-0.51688,0.00199,0.0
0.0019909999999999997,-0.51688,0.0019909999999999997,0.0
0.001992,-0.51688,0.001992,0.0
0.001993,-0.51688,0.001993,0.0
0.001994,-0.51688,0.001994,0.0
0.001995,-0.51688,0.001995,0.0
0.001996,-0.51688,0.001996,0.0
0.001997,-0.51688,0.001997,0.0
0.0019979999999999998,-0.51688,0.0019979999999999998,0.0
0.001999,-0.51688,0.001999,0.0
0.002,-0.51688,0.002,0.0
0.0020009999999999997,-0.52256,0.0020009999999999997,0.0
0.002002,-0.51688,0.002002,0.0
0.002003,-0.51688,0.002003,0.0
0.0020039999999999997,-0.51688,0.0020039999999999997,0.0
0.002005,-0.51688,0.002005,0.0
0.002006,-0.51688,0.002006,-0.0472
0.002007,-0.51688,0.002007,0.0
0.002008,-0.51688,0.002008,0.0
0.002009,-0.51688,0.002009,0.0
0.00201,-0.51688,0.00201,0.0
0.0020109999999999998,-0.51688,0.0020109999999999998,0.0
0.002012,-0.51688,0.002012,0.0
0.002013,-0.51688,0.002013,0.0
0.0020139999999999997,-0.51688,0.0020139999999999997,0.0
0.002015,-0.51688,0.002015,0.0
0.002016,-0.51688,0.002016,0.0
0.0020169999999999997,-0.51688,0.0020169999999999997,-0.0472
0.002018,-0.51688,0.002018,0.0
0.002019,-0.51688,0.002019,0.0
0.00202,-0.51688,0.00202,0.0
0.002021,-0.51688,0.002021,0.0
0.002022,-0.51688,0.002022,0.0
0.002023,-0.51688,0.002023,0.0
0.0020239999999999998,-0.51688,0.0020239999999999998,0.0
0.002025,-0.51688,0.002025,0.0
0.002026,-0.51688,0.002026,0.0
0.0020269999999999997,-0.51688,0.0020269999999999997,0.0
0.002028,-0.51688,0.002028,0.0
0.002029,-0.51688,0.002029,0.0
0.00203,-0.51688,0.00203,0.0
0.002031,-0.51688,0.002031,0.0
0.002032,-0.51688,0.002032,0.0
0.002033,-0.51688,0.002033,0.0
0.002034,-0.51688,0.002034,0.0
0.002035,-0.51688,0.002035,-0.0472
0.002036,-0.51688,0.002036,0.0
0.0020369999999999997,-0.51688,0.0020369999999999997,0.0
0.002038,-0.51688,0.002038,0.0
0.002039,-0.51688,0.002039,0.0
0.0020399999999999997,-0.51688,0.0020399999999999997,0.0
0.002041,-0.51688,0.002041,0.0
0.002042,-0.51688,0.002042,0.0
0.002043,-0.51688,0.002043,0.0
0.002044,-0.51688,0.002044,0.0
0.002045,-0.51688,0.002045,0.0
0.002046,-0.51688,0.002046,0.0
0.0020469999999999998,-0.51688,0.0020469999999999998,0.0
0.002048,-0.51688,0.002048,0.0
0.002049,-0.51688,0.002049,0.0
0.0020499999999999997,-0.51688,0.0020499999999999997,0.0
0.002051,-0.51688,0.002051,0.0
0.002052,-0.51688,0.002052,0.0
0.0020529999999999997,-0.51688,0.0020529999999999997,0.0
0.002054,-0.51688,0.002054,0.0
0.002055,-0.51688,0.002055,0.0
0.002056,-0.51688,0.002056,0.0
0.002057,-0.51688,0.002057,0.0
0.002058,-0.51688,0.002058,0.0
0.002059,-0.51688,0.002059,0.0
0.0020599999999999998,-0.51688,0.0020599999999999998,0.0
0.002061,-0.51688,0.002061,0.0
0.002062,-0.51688,0.002062,0.0
0.0020629999999999997,-0.51688,0.0020629999999999997,0.0
0.002064,-0.51688,0.002064,-0.0472
0.002065,-0.51688,0.002065,0.0
0.0020659999999999997,-0.51688,0.0020659999999999997,0.0
0.002067,-0.51688,0.002067,0.0
0.002068,-0.51688,0.002068,0.0
0.002069,-0.51688,0.002069,0.0
0.00207,-0.52256,0.00207,0.0
0.002071,-0.51688,0.002071,0.0
0.002072,-0.51688,0.002072,0.0
0.0020729999999999998,-0.51688,0.0020729999999999998,0.0
0.002074,-0.51688,0.002074,0.0
0.002075,-0.51688,0.002075,0.0
0.0020759999999999997,-0.51688,0.0020759999999999997,0.0
0.002077,-0.51688,0.002077,0.0
0.002078,-0.51688,0.002078,0.0
0.002079,-0.51688,0.002079,0.0
0.00208,-0.51688,0.00208,0.0
0.002081,-0.51688,0.002081,0.0
0.002082,-0.51688,0.002082,0.0
0.0020829999999999998,-0.51688,0.0020829999999999998,0.0
0.002084,-0.51688,0.002084,0.0
0.002085,-0.51688,0.002085,0.0
0.0020859999999999997,-0.51688,0.0020859999999999997,0.0
0.002087,-0.51688,0.002087,0.0
0.002088,-0.51688,0.002088,0.0
0.0020889999999999997,-0.51688,0.0020889999999999997,0.0
0.00209,-0.51688,0.00209,0.0
0.002091,-0.51688,0.002091,0.0
0.002092,-0.51688,0.002092,0.0
0.002093,-0.51688,0.002093,0.0
0.002094,-0.51688,0.002094,0.0
0.002095,-0.51688,0.002095,-0.0472
0.0020959999999999998,-0.51688,0.0020959999999999998,0.0
0.002097,-0.51688,0.002097,-0.0472
0.002098,-0.51688,0.002098,0.0
0.0020989999999999997,-0.51688,0.0020989999999999997,0.0
0.0021,-0.51688,0.0021,0.0
0.002101,-0.51688,0.002101,0.0
0.0021019999999999997,-0.51688,0.0021019999999999997,0.0
0.002103,-0.51688,0.002103,0.0
0.002104,-0.51688,0.002104,0.0
0.002105,-0.51688,0.002105,0.0
0.002106,-0.51688,0.002106,0.0
0.002107,-0.51688,0.002107,0.0
0.002108,-0.51688,0.002108,0.0
0.0021089999999999998,-0.51688,0.0021089999999999998,0.0
0.00211,-0.51688,0.00211,0.0
0.002111,-0.51688,0.002111,0.0
0.0021119999999999997,-0.51688,0.0021119999999999997,0.0
0.002113,-0.51688,0.002113,0.0
0.002114,-0.51688,0.002114,0.0
0.0021149999999999997,-0.51688,0.0021149999999999997,0.0
0.002116,-0.51688,0.002116,0.0
0.002117,-0.51688,0.002117,-0.0472
0.002118,-0.51688,0.002118,0.0
0.002119,-0.51688,0.002119,0.0
0.00212,-0.51688,0.00212,0.0
0.002121,-0.51688,0.002121,0.0
0.0021219999999999998,-0.51688,0.0021219999999999998,0.0
0.002123,-0.51688,0.002123,0.0
0.002124,-0.51688,0.002124,0.0
0.0021249999999999997,-0.51688,0.0021249999999999997,0.0
0.002126,-0.51688,0.002126,0.0
0.002127,-0.51688,0.002127,0.0
0.002128,-0.51688,0.002128,0.0
0.002129,-0.51688,0.002129,0.0
0.00213,-0.51688,0.00213,-0.0472
0.002131,-0.51688,0.002131,0.0
0.0021319999999999998,-0.51688,0.0021319999999999998,0.0
0.002133,-0.51688,0.002133,0.0
0.002134,-0.51688,0.002134,0.0
0.0021349999999999997,-0.51688,0.0021349999999999997,0.0
0.002136,-0.51688,0.002136,0.0
0.002137,-0.51688,0.002137,0.0
0.0021379999999999997,-0.51688,0.0021379999999999997,0.0
0.002139,-0.51688,0.002139,0.0
0.00214,-0.51688,0.00214,0.0
0.002141,-0.51688,0.002141,0.0
0.002142,-0.51688,0.002142,0.0
0.002143,-0.51688,0.002143,0.0
0.002144,-0.51688,0.002144,-0.0472
0.0021449999999999998,-0.51688,0.0021449999999999998,0.0
0.002146,-0.51688,0.002146,0.0
0.002147,-0.51688,0.002147,0.0
0.0021479999999999997,-0.51688,0.0021479999999999997,0.0
0.002149,-0.51688,0.002149,-0.0472
0.00215,-0.51688,0.00215,0.0
0.0021509999999999997,-0.51688,0.0021509999999999997,0.0
0.002152,-0.51688,0.002152,0.0
0.002153,-0.51688,0.002153,0.0
0.002154,-0.51688,0.002154,0.0
0.002155,-0.51688,0.002155,0.0
0.002156,-0.51688,0.002156,0.0
0.002157,-0.51688,0.002157,0.0
0.0021579999999999998,-0.51688,0.0021579999999999998,-0.0472
0.002159,-0.51688,0.002159,-0.0472
0.00216,-0.51688,0.00216,0.0
0.0021609999999999997,-0.51688,0.0021609999999999997,0.0
0.002162,-0.51688,0.002162,0.0
0.002163,-0.51688,0.002163,0.0
0.0021639999999999997,-0.51688,0.0021639999999999997,0.0
0.002165,-0.51688,0.002165,0.0
0.002166,-0.51688,0.002166,0.0
0.002167,-0.51688,0.002167,0.0
0.002168,-0.51688,0.002168,0.0
0.002169,-0.51688,0.002169,0.0
0.00217,-0.51688,0.00217,0.0
0.0021709999999999998,-0.51688,0.0021709999999999998,0.0
0.002172,-0.51688,0.002172,0.0
0.002173,-0.51688,0.002173,0.0
0.0021739999999999997,-0.51688,0.0021739999999999997,0.0
0.002175,-0.51688,0.002175,0.0
0.002176,-0.51688,0.002176,-0.0472
0.002177,-0.51688,0.002177,0.0
0.002178,-0.51688,0.002178,0.0
0.002179,-0.51688,0.002179,0.0
0.00218,-0.51688,0.00218,0.0
0.0021809999999999998,-0.51688,0.0021809999999999998,0.0
0.002182,-0.51688,0.002182,-0.0472
0.002183,-0.51688,0.002183,0.0
0.0021839999999999997,-0.51688,0.0021839999999999997,0.0
0.002185,-0.51688,0.002185,0.0
0.002186,-0.51688,0.002186,0.0
0.0021869999999999997,-0.51688,0.0021869999999999997,0.0
0.002188,-0.51688,0.002188,0.0
0.002189,-0.51688,0.002189,0.0
0.00219,-0.51688,0.00219,0.0
0.002191,-0.51688,0.002191,0.0
0.002192,-0.51688,0.002192,0.0
0.002193,-0.51688,0.002193,0.0
0.0021939999999999998,-0.51688,0.0021939999999999998,0.0
0.002195,-0.51688,0.002195,0.0
0.002196,-0.51688,0.002196,0.0
0.0021969999999999997,-0.51688,0.0021969999999999997,0.0
0.002198,-0.51688,0.002198,0.0
0.002199,-0.51688,0.002199,0.0
0.0021999999999999997,-0.51688,0.0021999999999999997,0.0
0.002201,-0.51688,0.002201,0.0
0.002202,-0.51688,0.002202,0.0
0.002203,-0.51688,0.002203,0.0
0.002204,-0.51688,0.002204,0.0
0.002205,-0.51688,0.002205,0.0
0.002206,-0.51688,0.002206,0.0
0.0022069999999999998,-0.51688,0.0022069999999999998,0.0
0.002208,-0.51688,0.002208,0.0
0.002209,-0.51688,0.002209,0.0
0.0022099999999999997,-0.51688,0.0022099999999999997,-0.0472
0.002211,-0.51688,0.002211,0.0
0.002212,-0.51688,0.002212,0.0
0.0022129999999999997,-0.51688,0.0022129999999999997,0.0
0.002214,-0.51688,0.002214,0.0
0.002215,-0.51688,0.002215,0.0
0.002216,-0.51688,0.002216,0.0
0.002217,-0.51688,0.002217,0.0
0.002218,-0.51688,0.002218,0.0
0.002219,-0.51688,0.002219,0.0
0.0022199999999999998,-0.51688,0.0022199999999999998,0.0
0.002221,-0.51688,0.002221,0.0
0.002222,-0.51688,0.002222,0.0
0.0022229999999999997,-0.51688,0.0022229999999999997,0.0
0.002224,-0.51688,0.002224,0.0
0.002225,-0.51688,0.002225,0.0
0.002226,-0.51688,0.002226,0.0
0.002227,-0.51688,0.002227,0.0
0.002228,-0.51688,0.002228,0.0
0.002229,-0.51688,0.002229,0.0
0.0022299999999999998,-0.52256,0.0022299999999999998,0.0
0.002231,-0.51688,0.002231,0.0
0.002232,-0.51688,0.002232,0.0
0.0022329999999999997,-0.51688,0.0022329999999999997,0.0
0.002234,-0.51688,0.002234,0.0
0.002235,-0.51688,0.002235,0.0
0.0022359999999999997,-0.51688,0.0022359999999999997,0.0
0.002237,-0.51688,0.002237,0.0
0.002238,-0.51688,0.002238,-0.0472
0.002239,-0.51688,0.002239,0.0
0.00224,-0.51688,0.00224,0.0
0.002241,-0.51688,0.002241,0.0
0.002242,-0.51688,0.002242,0.0
0.0022429999999999998,-0.51688,0.0022429999999999998,0.0
0.002244,-0.51688,0.002244,0.0
0.002245,-0.51688,0.002245,0.0
0.0022459999999999997,-0.51688,0.0022459999999999997,0.0
0.002247,-0.51688,0.002247,0.0
0.002248,-0.51688,0.002248,0.0
0.0022489999999999997,-0.51688,0.0022489999999999997,0.0
0.00225,0.52256,0.00225,-1.416
0.002251,0.51688,0.002251,-3.9175999999999997
0.002252,0.52256,0.002252,-2.4544
0.002253,0.52256,0.002253,0.944
0.002254,0.52256,0.002254,2.7376
0.002255,0.51688,0.002255,1.6992
0.0022559999999999998,0.51688,0.0022559999999999998,-0.708
0.002257,0.51688,0.002257,-1.9824
0.002258,0.52256,0.002258,-1.2272
0.0022589999999999997,0.52256,0.0022589999999999997,0.472
0.00226,0.52256,0.00226,1.3688
0.002261,0.51688,0.002261,0.8496
0.0022619999999999997,0.51688,0.0022619999999999997,-0.3776
0.002263,0.51688,0.002263,-0.9912
0.002264,0.51688,0.002264,-0.6136
0.002265,0.52256,0.002265,0.2832
0.002266,0.52256,0.002266,0.708
0.002267,0.51688,0.002267,0.3776
0.002268,0.51688,0.002268,-0.1888
0.0022689999999999997,0.51688,0.0022689999999999997,-0.5192
0.00227,0.52256,0.00227,-0.2832
0.002271,0.51688,0.002271,0.1416
0.0022719999999999997,0.52256,0.0022719999999999997,0.33039999999999997
0.002273,0.51688,0.002273,0.1888
0.002274,0.51688,0.002274,-0.1416
0.002275,0.52256,0.002275,-0.236
0.002276,0.52256,0.002276,-0.1416
0.002277,0.52256,0.002277,0.0944
0.002278,0.51688,0.002278,0.1888
0.0022789999999999998,0.52256,0.0022789999999999998,0.0944
0.00228,0.51688,0.00228,-0.0944
0.002281,0.51688,0.002281,-0.1416
0.0022819999999999997,0.51688,0.0022819999999999997,-0.0944
0.002283,0.52256,0.002283,0.0472
0.002284,0.51688,0.002284,0.0944
0.0022849999999999997,0.51688,0.0022849999999999997,0.0472
0.002286,0.51688,0.002286,0.0
0.002287,0.52256,0.002287,-0.0944
0.002288,0.51688,0.002288,-0.0472
0.002289,0.52256,0.002289,0.0
0.00229,0.51688,0.00229,0.0
0.002291,0.52256,0.002291,0.0
0.0022919999999999998,0.51688,0.0022919999999999998,0.0
0.002293,0.52256,0.002293,-0.0472
0.002294,0.51688,0.002294,-0.0472
0.0022949999999999997,0.52256,0.0022949999999999997,0.0
0.002296,0.51688,0.002296,0.0
0.002297,0.51688,0.002297,0.0
0.0022979999999999997,0.52256,0.0022979999999999997,0.0
0.002299,0.52256,0.002299,0.0
0.0023,0.52256,0.0023,0.0
0.002301,0.52256,0.002301,0.0
0.002302,0.51688,0.002302,0.0
0.002303,0.51688,0.002303,0.0
0.002304,0.52256,0.002304,0.0
0.0023049999999999998,0.52256,0.0023049999999999998,-0.0472
0.002306,0.52256,0.002306,0.0
0.002307,0.51688,0.002307,0.0
0.0023079999999999997,0.51688,0.0023079999999999997,0.0
0.002309,0.51688,0.002309,0.0
0.00231,0.51688,0.00231,-0.0472
0.0023109999999999997,0.52256,0.0023109999999999997,0.0
0.002312,0.51688,0.002312,0.0
0.002313,0.51688,0.002313,0.0
0.002314,0.51688,0.002314,0.0
0.002315,0.51688,0.002315,0.0
0.002316,0.52256,0.002316,0.0
0.002317,0.51688,0.002317,0.0
0.0023179999999999997,0.52256,0.0023179999999999997,0.0
0.002319,0.51688,0.002319,0.0
0.00232,0.51688,0.00232,0.0
0.0023209999999999997,0.52256,0.0023209999999999997,0.0
0.002322,0.51688,0.002322,-0.0472
0.002323,0.51688,0.002323,-0.0472
0.002324,0.52256,0.002324,0.0
0.002325,0.51688,0.002325,0.0
0.002326,0.51688,0.002326,0.0
0.002327,0.51688,0.002327,0.0
0.0023279999999999998,0.52256,0.0023279999999999998,0.0
0.002329,0.51688,0.002329,0.0
0.00233,0.52256,0.00233,0.0
0.0023309999999999997,0.52256,0.0023309999999999997,0.0
0.002332,0.52256,0.002332,0.0
0.002333,0.51688,0.002333,0.0
0.0023339999999999997,0.51688,0.0023339999999999997,0.0
0.002335,0.52256,0.002335,0.0
0.002336,0.51688,0.002336,0.0
0.002337,0.51688,0.002337,0.0
0.002338,0.51688,0.002338,0.0
0.002339,0.51688,0.002339,0.0
0.00234,0.51688,0.00234,0.0
0.0023409999999999998,0.51688,0.0023409999999999998,0.0
0.002342,0.51688,0.002342,0.0
0.002343,0.51688,0.002343,0.0
0.0023439999999999997,0.51688,0.0023439999999999997,0.0
0.002345,0.51688,0.002345,0.0
0.002346,0.51688,0.002346,0.0
0.0023469999999999997,0.51688,0.0023469999999999997,0.0
0.002348,0.51688,0.002348,0.0
0.002349,0.51688,0.002349,0.0
0.00235,0.51688,0.00235,0.0
0.002351,0.51688,0.002351,0.0
0.002352,0.51688,0.002352,0.0
0.002353,0.52256,0.002353,0.0
0.0023539999999999998,0.52256,0.0023539999999999998,0.0
0.002355,0.52256,0.002355,-0.0472
0.002356,0.51688,0.002356,0.0
0.0023569999999999997,0.51688,0.0023569999999999997,0.0
0.002358,0.51688,0.002358,0.0
0.002359,0.52256,0.002359,0.0
0.0023599999999999997,0.51688,0.0023599999999999997,0.0
0.002361,0.52256,0.002361,0.0
0.002362,0.52256,0.002362,0.0
0.002363,0.52256,0.002363,-0.0472
0.0023639999999999998,0.51688,0.0023639999999999998,0.0
0.002365,0.51688,0.002365,0.0
0.002366,0.51688,0.002366,0.0
0.0023669999999999997,0.51688,0.0023669999999999997,0.0
0.002368,0.52256,0.002368,0.0
0.002369,0.51688,0.002369,0.0
0.0023699999999999997,0.52256,0.0023699999999999997,0.0
0.002371,0.52256,0.002371,0.0
0.002372,0.51688,0.002372,0.0
0.002373,0.51688,0.002373,0.0
0.002374,0.51688,0.002374,-0.0472
0.002375,0.51688,0.002375,0.0
0.002376,0.52256,0.002376,0.0
0.0023769999999999998,0.51688,0.0023769999999999998,0.0
0.002378,0.52256,0.002378,0.0
0.002379,0.51688,0.002379,0.0
0.0023799999999999997,0.51688,0.0023799999999999997,0.0
0.002381,0.51688,0.002381,0.0
0.002382,0.52256,0.002382,0.0
0.0023829999999999997,0.51688,0.0023829999999999997,0.0
0.002384,0.52256,0.002384,0.0
0.002385,0.52256,0.002385,0.0
0.002386,0.51688,0.002386,0.0
0.002387,0.51688,0.002387,0.0
0.002388,0.52256,0.002388,0.0
0.002389,0.51688,0.002389,0.0
0.0023899999999999998,0.51688,0.0023899999999999998,-0.0472
0.002391,0.51688,0.002391,0.0
0.002392,0.51688,0.002392,0.0
0.0023929999999999997,0.51688,0.0023929999999999997,0.0
0.002394,0.51688,0.002394,0.0
0.002395,0.52256,0.002395,0.0
0.0023959999999999997,0.51688,0.0023959999999999997,0.0
0.002397,0.52256,0.002397,0.0
0.002398,0.51688,0.002398,0.0
0.002399,0.51688,0.002399,0.0
0.0024,0.51688,0.0024,0.0
0.002401,0.52256,0.002401,0.0
0.002402,0.52256,0.002402,0.0
0.0024029999999999998,0.52256,0.0024029999999999998,0.0
0.002404,0.51688,0.002404,0.0
0.002405,0.52256,0.002405,0.0
0.0024059999999999997,0.52256,0.0024059999999999997,0.0
0.002407,0.52256,0.002407,0.0
0.002408,0.52256,0.002408,0.0
0.0024089999999999997,0.52256,0.0024089999999999997,0.0
0.00241,0.51688,0.00241,-0.0472
0.002411,0.52256,0.002411,-0.0472
0.002412,0.52256,0.002412,-0.0472
0.0024129999999999998,0.52256,0.0024129999999999998,0.0
0.002414,0.52256,0.002414,0.0
0.002415,0.51688,0.002415,0.0
0.0024159999999999997,0.52256,0.0024159999999999997,0.0
0.002417,0.51688,0.002417,0.0
0.002418,0.52256,0.002418,0.0
0.0024189999999999997,0.51688,0.0024189999999999997,0.0
0.00242,0.51688,0.00242,0.0
0.002421,0.51688,0.002421,0.0
0.0024219999999999997,0.52256,0.0024219999999999997,0.0
0.002423,0.51688,0.002423,-0.0472
0.002424,0.52256,0.002424,0.0
0.002425,0.51688,0.002425,0.0
0.0024259999999999998,0.51688,0.0024259999999999998,0.0
0.002427,0.51688,0.002427,0.0
0.002428,0.51688,0.002428,0.0
0.0024289999999999997,0.52256,0.0024289999999999997,0.0
0.00243,0.51688,0.00243,0.0
0.002431,0.51688,0.002431,-0.0472
0.0024319999999999997,0.52256,0.0024319999999999997,0.0
0.002433,0.52256,0.002433,0.0
0.002434,0.51688,0.002434,0.0
0.002435,0.51688,0.002435,0.0
0.002436,0.52256,0.002436,0.0
0.002437,0.52256,0.002437,0.0
0.002438,0.51688,0.002438,0.0
0.0024389999999999998,0.51688,0.0024389999999999998,0.0
0.00244,0.52256,0.00244,0.0
0.002441,0.51688,0.002441,0.0
0.0024419999999999997,0.51688,0.0024419999999999997,0.0
0.002443,0.52256,0.002443,0.0
0.002444,0.52256,0.002444,-0.0472
0.0024449999999999997,0.51688,0.0024449999999999997,0.0
0.002446,0.51688,0.002446,0.0
0.002447,0.51688,0.002447,0.0
0.002448,0.52256,0.002448,0.0
0.002449,0.51688,0.002449,0.0
0.00245,0.51688,0.00245,0.0
0.002451,0.51688,0.002451,0.0
0.0024519999999999998,0.51688,0.0024519999999999998,0.0
0.002453,0.51688,0.002453,-0.0472
0.002454,0.52256,0.002454,0.0
0.0024549999999999997,0.51688,0.0024549999999999997,0.0
0.002456,0.51688,0.002456,-0.0472
0.002457,0.51688,0.002457,0.0
0.0024579999999999997,0.51688,0.0024579999999999997,0.0
0.002459,0.51688,0.002459,0.0
0.00246,0.51688,0.00246,0.0
0.002461,0.51688,0.002461,0.0
0.0024619999999999998,0.52256,0.0024619999999999998,0.0
0.002463,0.52256,0.002463,0.0
0.002464,0.51688,0.002464,0.0
0.0024649999999999997,0.51688,0.0024649999999999997,0.0
0.002466,0.51688,0.002466,-0.0472
0.002467,0.52256,0.002467,0.0
0.0024679999999999997,0.51688,0.0024679999999999997,0.0
0.002469,0.51688,0.002469,0.0
0.00247,0.51688,0.00247,0.0
0.0024709999999999997,0.52256,0.0024709999999999997,0.0
0.002472,0.51688,0.002472,0.0
0.002473,0.52256,0.002473,0.0
0.002474,0.51688,0.002474,0.0
0.0024749999999999998,0.52256,0.0024749999999999998,0.0
0.002476,0.52256,0.002476,0.0
0.002477,0.52256,0.002477,-0.0472
0.0024779999999999997,0.52256,0.0024779999999999997,0.0
0.002479,0.51688,0.002479,0.0
0.00248,0.52256,0.00248,0.0
0.0024809999999999997,0.52256,0.0024809999999999997,0.0
0.002482,0.52256,0.002482,-0.0472
0.002483,0.52256,0.002483,0.0
0.002484,0.51688,0.002484,0.0
0.002485,0.51688,0.002485,0.0
0.002486,0.51688,0.002486,0.0
0.002487,0.51688,0.002487,0.0
0.0024879999999999998,0.52256,0.0024879999999999998,-0.0472
0.002489,0.52256,0.002489,0.0
0.00249,0.51688,0.00249,0.0
0.0024909999999999997,0.52256,0.0024909999999999997,0.0
0.002492,0.52256,0.002492,0.0
0.002493,0.51688,0.002493,0.0
0.0024939999999999997,0.51688,0.0024939999999999997,0.0
0.002495,0.52256,0.002495,0.0
0.002496,0.52256,0.002496,0.0
0.002497,0.52256,0.002497,0.0
0.002498,0.51688,0.002498,0.0
0.002499,0.52256,0.002499,0.0
